,authorID,AuthorName
0,1,Kolb  Ronny
1,2,Von Massow  Robert
2,3,Smiley  Karen
3,4,Prakash  Jai
4,5,Zhang  Hongye
5,6,Dauvin  Jean Claude
6,7,Elie  Pierre
7,8,Westermann  Dennis
8,9,G kaga
9,10,Gonzalez  J L
10,11,Porres  Ivan
11,12,Dos Santos  Rodrigo Pereira
12,13,Kamel  Mohamed S
13,14,Grunske  L
14,15,Pramsohler  Thomas
15,16,Gaaloul  Walid
16,17,Fro mmgen  A
17,18,Sauer  J
18,19,D az  Jessica
19,20,Lee  Jyh Fu
20,21,Strasser  Peter
21,22,Konersmann  Marco
22,23,Babar  M A
23,24,Reddy  S
24,25,Pl il  Frantiek
25,26,Naohara  H
26,27,Wang  Suli
27,28,Schill  Alexander
28,29,Milrad  Marcelo
29,30,Franco  Jo o M
30,31,Fuentes  L
31,32,Park  Jun Young
32,33,Farenhorst  Rik
33,34,Scandariato  Riccardo
34,35,Batista  T
35,36,Kallioniemi  Olli
36,37,Anselmi  Jonatha
37,38,Mak  Rudolf H
38,39,Ali Shah  Syed M
39,40,Adriaanse  Hans
40,41,K nemann  Patrick
41,42,Cabot  Pere Llu s
42,43,Corry  A V
43,44,Khan  Taimur
44,45,Xin  Qin
45,46,Panzica La Manna  Valerio
46,47,Anvaari  Mohsen
47,48,Merson  P
48,49,Ghezzi  C
49,50,Bessler  Sandford
50,51,Malardalen University
51,52,Papamargaritis  G
52,53,Gates  Byron D
53,54,Ammar  Nariman
54,55,Hinz  M
55,56,Huemer  Christian
56,57,De Sanctis  Martina
57,58,Javed  Muhammad Atif
58,59,Serebrenik  Alexander
59,60,Garbajosa  Juan
60,61,Plouzeau  Noel
61,62,Santos  A
62,63,Heger  Christoph
63,64,Liu  Jie
64,65,Barkaoui  K
65,66,Prinz  Andreas
66,67,Holtmann  J rg
67,68,Giesecke  Simon
68,69,Shen  P K
69,70,Schafer  C
70,71,Losilla  F
71,72,Stenudd  Sakari
72,73,Jerad  C
73,74,Snowdon  B
74,75,Li  Yongjia
75,76,Sahraoui  Houari
76,77,Zhang  Jing
77,78,Ribeiro  Rita
78,79,Lee  Hyunjoo
79,80,Frischbier  S
80,81,Basak  V
81,82,Monteith  J
82,83,Oriat  C
83,84,Kim  Yong Tae
84,85,Martens  Anne
85,86,Liang  C
86,87,Beaumais  Olivier
87,88,Andr s
88,89,Pahl  C
89,90,Lee  Dongman
90,91,Reeler  Nini E A
91,92,Guo  Shaojun
92,93,Uchida  Hiroyuki
93,94,Seriai  Abdelhak Djamel
94,95,Zimmermann  O
95,96,Tarvainen  Pentti
96,97,Appel  Stefan
97,98,Caracciolo  Andrea
98,99,Truyen  Eddy
99,100,Du  Xintong
100,101,Wang  Jian
101,102,Wentzlaff  I
102,103,Mak  Rudolf
103,104,Astudillo  H
104,105,Nel  W P
105,106,Yao  Xin
106,107,Nierstrasz  O
107,108,Canal  Carlos
108,109,Devesh  D
109,110,Berardinelli  Luca
110,111,Pelliccione  P
111,112,Antonio C
112,113,Jansen  Slinger
113,114,Doppelhamer  Jens
114,115,June
115,116,Manhat  Beth A
116,117,Bhagavathi Parambhath  Vinayan
117,118,Kang  Long
118,119,Monge  Raul
119,120,Yong Man Choi
120,121,Le  Meur  Anne Francoise
121,122,Hepner  M
122,123,Zhang  Dehua
123,124,Matos  C M P
124,125,van der Ven  J
125,126,Villalobos  Jorge
126,127,Wu  Huaigu
127,128,Schreiber  Christian
128,129,Hu  W B
129,130,Han  Jun
130,131,Hasselbring  W
131,132,Pietrasz  P
132,133,V
133,134,Brown  Alan W
134,135,Mathew  Reena
135,136,Braude  Eric J
136,137,Camara  J
137,138,Sen  Selda
138,139,Lung  Chung Horng
139,140,van Deursen  A
140,141,John  Jose
141,142,Yen  Shiow Kang
142,143,Na  D H
143,144,Lu  Wangting
144,145,Lungu  Mircea Filip
145,146,Wang  Guanxiong
146,147,Philippow  Ilka
147,148,IEEE Computer Society  Los Alamitos  CA  USA
148,149,Schmidt  T J
149,150,Nyyss nen  Aki
150,151,Vattani  Charlie
151,152,Hamdi  Louenas
152,153,Tang  Antony
153,154,Bianco  Vittorio Dal
154,155,Hrischuk  Curtis
155,156,Software Architecture
156,157,Chauhan  Muhammad Aufeef
157,158,Wong  Sunny
158,159,Dillet  J
159,160,Ren  Ren
160,161,Bromberg  Y rom David
161,162,D saunay  Y
162,163,Lehnert  S
163,164,Bosloper  Ivor
164,165,Werewka  Jan
165,166,Yongrui Xu
166,167,A
167,168,Hilliard  Rich
168,169,Van Den Broek  Pim
169,170,Matthes  Florian
170,171,Bastarrica  Mar a Cecilia
171,172,Sohul  Munawwar M
172,173,Nicholson  Ann
173,174,Van Landuyt  Dimitri
174,175,Wu  Jianbo
175,176,An Cheng Huang
176,177,Olson  T
177,178,Cleve  Anthony
178,179,Lucr dio  Daniel
179,180,Marcelo  C
180,181,Riebisch  Matthias
181,182,Tomi
182,183,Eric
183,184,Moonen  L
184,185,Pereira  Alessandro Costa
185,186,Su  Jincang
186,187,Zhou  Terry G
187,188,Karri  Srinivasarao
188,189,Tivoli  Massimo
189,190,Bender  G
190,191,Mili  A
191,192,Ovaska  Eila
192,193,Bastarrica  Maria Cecilia
193,194,Borup  R L
194,195,Huanhuan Xiong
195,196,Bhattacharya  Sutirtha
196,197,Hurst  K
197,198,Winkler  Dietmar
198,199,Biao Kong
199,200,Michiels  Sam
200,201,Yang  Shao Hua
201,202,Matinlassi  Mari
202,203,Franch  Xavier
203,204,Gu  Baoshan
204,205,Frischbier  Sebastian
205,206,Mansor  N
206,207,Ivers  James
207,208,Engels  Gregor
208,209,Jansen  S
209,210,Lilienthal  C
210,211,Nijhuis  Jos
211,212,Selvarajah  Kamalachelva
212,213,Moran  Niall
213,214,Satyanarayanan  Mahadev
214,215,Del Rosso  Christian
215,216,Liu  Qi
216,217,Liu  Zengcai
217,218,Morin  Brice
218,219,Anon
219,220,Rauf  Irum
220,221,Perry  Dewayne E
221,222,Khammaci  Tahar
222,223,Stelzer  Phil
223,224,Cube  J
224,225,Sadou  S
225,226,Pelliccione  Patrizio
226,227,Grace  Paul
227,228,Kabbedijk  J
228,229,Li  Mingyu
229,230,Van Der Ven  Jan Salvador
230,231,Wall  Anders
231,232,Thone  S
232,233,R ttger  Simone
233,234,Association for Computing Machinery
234,235,Tran  Huy
235,236,Romero Felizardo  Katia
236,237,Harrison  N B
237,238,Da Silva Amorim  Simone
238,239,Luders  Frank
239,240,Kam  Moshe
240,241,P rez  Jennifer
241,242,Wette  Philip
242,243,Chen  Ping
243,244,Surajbali  Bholanathsingh
244,245,Bhuta  J
245,246,Edoardo
246,247,Egyed  Alexander
247,248,Chew  K A
248,249,Suryadevara  Jagadish
249,250,Tremblay  Guy
250,251,Phaphoom  Nattakarn
251,252,Park  S
252,253,Crichton  Daniel J
253,254,Di Sciascio  E
254,255,Zhu  Enbo
255,256,Park  G
256,257,Mu  Guang
257,258,Sanderson  R J
258,259,Umbach  Matthias
259,260,Chang  Hyuk
260,261,Garsany  Yannick
261,262,Vel zquez  Amado
262,263,Stencel  Krzysztof
263,264,Duzbayev  N
264,265,Vargas G mez  A M
265,266,Adachi Barbosa  Eiji
266,267,Gilson  Fabian
267,268,September
268,269,Pohl  Christoph
269,270,Stevanetic  Srdjan
270,271,Grau  G
271,272,Baumgarten  Uwe
272,273,Pramono  Agung
273,274,Taillez  Aur lien
274,275,Hyttinen  Pasi
275,276,Loulou  Imen
276,277,Pierini  P
277,278,Antonino  Pablo
278,279,Moliner  Rafael
279,280,Motta  Alfredo
280,281,Nagai  T
281,282,Liu  Xiao Jing
282,283,Melleg rd  Niklas
283,284,Waje  Mahesh M
284,285,Ziani  Adel
285,286,Langer  Philip
286,287,Postema  Herman
287,288,Zhou  Jian
288,289,Vasteras City
289,290,Lafite  R
290,291,Cheng  Tommy T H
291,292,Maranzana  G
292,293,Elkaim  Bernard
293,294,Miettinen  Timo A
294,295,N mery  Julien
295,296,Wieczorek  Sebastian
296,297,Hong  Lu
297,298,Dameron  Arrelaine
298,299,Gilpin  M
299,300,Marques  Jo o Carlos
300,301,Netzloff  Heather M
301,302,Gordon  Mark S
302,303,G mez  Nadia
303,304,Karabacak  Tansel
304,305,Werner  Cl udia Maria Lima
305,306,Bj rnander  Stefan
306,307,Hao  Rui
307,308,Shaw  Mary
308,309,Martins Marques  Helena
309,310,ngel
310,311,Gschwind  Thomas
311,312,Cho  Hyun Seok
312,313,Razavizadeh  Azadeh
313,314,Trcek  Denis
314,315,Mordinyi  Richard
315,316,Chen  Zhomgwei
316,317,Navarro  E
317,318,Verde  Jenifer
318,319,Chatterton  Jack
319,320,Munier  Manuel
320,321,Sangal  N
321,322,Keuler  Thorsten
322,323,Yang  Minghui
323,324,Reijonen  Ville
324,325,Spanos  Ioannis
325,326,Ahmed  Faheem
326,327,Verjus  H
327,328,Lewerentz  C
328,329,Proceedings of the
329,330,Xu  Xiwei
330,331,Saleh  Farhana S
331,332,Bode  Stephan
332,333,Waje  Mahesh
333,334,Bender  Guido
334,335,Terra  Ricardo
335,336,Bardram  Jakob Eyvind
336,337,de Almeida  E S
337,338,Xia  Dingguo
338,339,Petcu  Dana
339,340,Murillo  Juan Manuel
340,341,Association Internationale pour les Technologies Objects
341,342,Es Souni  Mohammed
342,343,Sundara  Ramaprabhu
343,344,Liu  Yan Hong
344,345,Meira  S L
345,346,Sarili  E
346,347,Crichton  D J
347,348,Alves  Carina
348,349,Vancouver  BC  Canada
349,350,Seriai  Abderrahmane
350,351,Yu  Shengxue
351,352,Bont
352,353,tuikys  Vytautas
353,354,Sandstrom  K
354,355,Alonso  D
355,356,Platenius  M C
356,357,Bak  Hyeonseong
357,358,Suelves  Isabel
358,359,Dongshuang Wu
359,360,Manteuffel  Christian
360,361,Arkin  Ethem
361,362,Simidchieva  Borislava I
362,363,Freitas  T ssia
363,364,Corpuz  April
364,365,Knupp  Seth L
365,366,Sujata  P
366,367,Lytra  Ioanna
367,368,Pan  Chung Kai
368,369,Wang  Xiaofeng
369,370,Norton  Barry
370,371,including subseries Lecture Notes in Artificial Intelligence and Lecture Notes in Bioinformatics
371,372,Maccari  A
372,373,Ros  Saioa
373,374,Gr nbacher  Paul
374,375,Bucchiarone  A
375,376,Lobry  J r my
376,377,Lungu  M F
377,378,Yaojin Yang
378,379,Dinh  Huyen N
379,380,Sourty  Erwan
380,381,Nieminen  Antti
381,382,Szlenk  Marcin
382,383,Brillas  Enric
383,384,Schulte  Daniel
384,385,Rohde  M
385,386,Kenny  Joseph P
386,387,Rommes  Eelco
387,388,Casallas  Rubby
388,389,Alloui  Ilham
389,390,Potena  Pasqualina
390,391,Khan  Safoora Shakil
391,392,Editors
392,393,Verbaeten  Pierre
393,394,Mulcahy  Barry P
394,395,Manset  David
395,396,Nord  R
396,397,Sai
397,398,Haenni  Nicole
398,399,Hu  Jianqiang
399,400,Dongman Lee
400,401,Falessi  Davide
401,402,Mart nez Fern ndez  Silverio
402,403,Gerostathopoulos  I
403,404,Barbosa  Raul
404,405,O ztu rk  F
405,406,Eklund  Ulrik
406,407,Habouti  Salah
407,408,Chen  Xiangping
408,409,Di Noia  Tommaso
409,410,Mirandola  Raffaela
410,411,Babar  Muhammad Ali
411,412,Tourunen  Olli
412,413,Zalewski  Andrzej
413,414,Canal  C
414,415,Kim  Chaerin
415,416,Barnes  Jeffrey M
416,417,Xie  Jian
417,418,Heisel  Marina
418,419,Freudenreich  T
419,420,El Ramly  M
420,421,Astekin  Merve
421,422,Muhammad  Naeem
422,423,Catal n  Jos
423,424,Gerostathopoulos  Ilias
424,425,K ster  Jochen
425,426,Bianco  P
426,427,Boutier  B
427,428,Heider  Wolfgang
428,429,Roose  Philippe
429,430,Smrithi
430,431,Henttonen  Katja
431,432,Poernomo  I
432,433,Futagawa  M
433,434,C
434,435,Groher  Iris
435,436,Brown  A W
436,437,Wallom  David
437,438,Chaoui  Allaoua
438,439,Tang  Longji
439,440,Tang  Yongfu
440,441,Eckhardt  Evert
441,442,Geisel  Jacob
442,443,Blosi  M
443,444,Issarny  V
444,445,Estevez  Elisabet
445,446,Wada  Hiroshi
446,447,Maccari  Alessandro
447,448,Niemela  E
448,449,Kotonya  Gerald
449,450,Pivovar  Bryan
450,451,Bosch  Jan
451,452,Kim  C
452,453,Vicente Chicote  Cristina
453,454,Larsson  Stig
454,455,Medeiros  Ana Luisa
455,456,Sun  Pi Chang
456,457,Brun  Yuriy
457,458,Weitzel  Balthasar
458,459,Hauck  Michael
459,460,Klein  Mark
460,461,Yang  Honglei
461,462,Flemstrom  Daniel
462,463,Gray  Jeff
463,464,Chan  Kenneth
464,465,Werewka  J
465,466,Kim  H
466,467,Sanchez  P
467,468,Nallur  Vivek
468,469,Huang  An Cheng
469,470,Cherif  Foudil
470,471,ECSA
471,472,Wallnau  Kurt
472,473,Oussalah  Mourad
473,474,Papazoglou  Michael P
474,475,Losavio  F
475,476,Papamargaritis  George
476,477,Kounev  Samuel
477,478,Koch  T
478,479,Gubler  L
479,480,Desmet  L
480,481,Sakr  Sherif
481,482,Black  Andrew P
482,483,Pimentel  Ernesto
483,484,Costa Soria  Crist bal
484,485,Mattmann  C A
485,486,Bass  Len
486,487,Baroni  Alessandro
487,488,Cao  M
488,489,Kim  Cheonghee
489,490,Chavarriaga  Jaime
490,491,Akujuobi  C M
491,492,Hirai  S
492,493,Huang  Huajie
493,494,Gizejowski  Marian
494,495,Holdings  Eskom
495,496,Runge  Olga
496,497,Dong  Jing
497,498,Erenkrantz  J R
498,499,Simanta  Soumya
499,500,Vorst  Philipp
500,501,Leite  J
501,502,Martinelli  Fabio
502,503,Postma  Andr
503,504,Dauenhauer  Gerd
504,505,Pettit IV  Robert G
505,506,Aric
506,507,Windus  Theresa L
507,508,Kim  Hansung
508,509,Werner  Cl udia
509,510,Pitulej  Dariusz
510,511,Reddy  Shivani
511,512,Sherdil  Khalid
512,513,Sodhi  Balwinder
513,514,Emery  David
514,515,Huang  K
515,516,Lundqvist  Kristina
516,517,You  Dae Jong
517,518,Moonen  Leon
518,519,Paulish  Dan
519,520,Ortiz  Francisco J
520,521,Yang  Taeyoung
521,522,Spasojevic  Boris
522,523,Minch  Robert
523,524,Conradi  Reidar
524,525,Reengineering Forum
525,526,Sekizawa  Koshi
526,527,De Oliveira Valente  Marco Tulio
527,528,Momm  Christof
528,529,Admodisastro  Novia
529,530,Graaf  Bas
530,531,Olsson  Carl Magnus
531,532,Nava  F
532,533,Rajaram  T
533,534,Isnain  N E M
534,535,De Boer  Remco C
535,536,Banerjee  D
536,537,Inverardi  Paola
537,538,Riou  P
538,539,Fittkau  Florian
539,540,Norton  B
540,541,Laitinen  Jarno
541,542,Liu  Jinshan
542,543,Cundy  A B
543,544,Radhakrishnan  R
544,545,Li  Aiqing
545,546,Wang  Mei Xian
546,547,Pylypenko  S
547,548,Kong  Ling Bin
548,549,Jamshidi  Pooyan
549,550,Falkner  Katrina
550,551,Fernandez  Eduardo B
551,552,L zaro  Mar a Jes s
552,553,Buy  Ugo
553,554,Popov  Branko N
554,555,Suryanarayana  G
555,556,Lopez Herrejon  Roberto E
556,557,Uchida  Takayuki
557,558,Jafri  R
558,559,de la Fuente  P
559,560,Lesaint  David
560,561,Tsushima  Shohji
561,562,Costa  Crist bal
562,563,Kalaoja  Jarmo
563,564,Moatar  Florentina
564,565,Savolainen  Juha
565,566,Cheng  Chin Hsien
566,567,Wood  Kevin
567,568,WICSA
568,569,Colanzi  Thelma E
569,570,Gillan  C
570,571,Huang  Luan
571,572,Abdelmoez  W
572,573,Brinkkemper  S
573,574,Becker  Martin
574,575,D
575,576,IFIP WG
576,577,Abukwaik  Hadil
577,578,Von Flach Garcia Chavez  Christina
578,579,Lee  Hyesun
579,580,Kyng  Morten
580,581,Capretz  Luiz F
581,582,Mustapic  Goran
582,583,Li  Zengyang
583,584,Reder  Alexander
584,585,Naedele  Martin
585,586,Garcia  V C
586,587,Zhu  Zhejun
587,588,Mesbah  A
588,589,Garlan  David
589,590,Zouari  Mohamed
590,591,Amara  R
591,592,Vosch  Tom
592,593,Syed  Shaheen
593,594,Steven
594,595,Nascimento  Leandro
595,596,Chang  Po Sheng
596,597,Tatalovich  J
597,598,Lence  Ram n
598,599,Pierantonio  Alfonso
599,600,Aguiar  Rui L
600,601,Woodside  Murray
601,602,Matteucci  Ilaria
602,603,Varro  D
603,604,Ozt rk  Fatih
604,605,Arshad  Muteer
605,606,Rotondi  Domenico
606,607,Vierhauser  Michael
607,608,Sangroya  Amit
608,609,Hillenbrand  Martin
609,610,Bultelle  F
610,611,Mosser  S bastien
611,612,Bollati  Ver nica
612,613,De With  Peter H
613,614,Pan  Chun Jern
614,615,Batista  Thais
615,616,Baglio  Vincenzo
616,617,Christensen  H B
617,618,Tuma  P
618,619,Skomedal
619,620,Hartmann  F
620,621,Kariuki  Nancy
621,622,Van Vliet  Hans
622,623,Proceedings
623,624,Mallet  Fr d ric
624,625,Coulson  G
625,626,De Wever  S
626,627,Gerpheide  Christine M
627,628,Strasser  P
628,629,Zana  Alessandro
629,630,Latsuzbaia  R
630,631,Rabiser  Rick
631,632,Pereira  Oscar M
632,633,Weinreich  R
633,634,Wynne  Adam
634,635,Buchgeher  Georg
635,636,Garcia  Vinicius Cardoso
636,637,Lam  Alfred
637,638,Mair  Matthias
638,639,Nakashima  Naotoshi
639,640,Maurya  Devesh Kumar
640,641,Kacem  Najla Hadj
641,642,Mayerhofer  Tanja
642,643,Fu  Honggang
643,644,Feb
644,645,Hayashi  A
645,646,Nelis
646,647,Lawall  Julia
647,648,Lopes  A
648,649,Moreno  Gabriel A
649,650,Gamble  R
650,651,Ingstrup  M
651,652,Krebs  Rouven
652,653,Hurst  Katherine
653,654,Evesti  Antti
654,655,Wingkvist  Anna
655,656,Wang  Xianyou
656,657,Simonin  Jacques
657,658,Kabor
658,659,Sham  Tsun Kong
659,660,Inst
660,661,Dietze  Matthias
661,662,Axelsson  Jakob
662,663,Kallel  Slim
663,664,Goossen  Jack
664,665,Savola  Reijo M
665,666,Ouedraogo  Moussa
666,667,Rong Cao
667,668,Collet  Philippe
668,669,January
669,670,D niel
670,671,Lo  Chih Ping
671,672,Nistor  Ligia
672,673,Qian  Wen
673,674,Nettles  Scott M
674,675,Uziak  Jacek
675,676,Lichter  Horst
676,677,Turilli  Matteo
677,678,Moran  N
678,679,Zhong  Jing Ping
679,680,Eramo  Romina
680,681,Blanco  Vicente
681,682,Centre National de la Rechercue Scientifique
682,683,Yi  Xiaowei
683,684,Rao  P V N
684,685,Wood  Paul
685,686,Ebad  Shouki A
686,687,Ippoliti  Rodolfo
687,688,Ma  Hengtai
688,689,Sternkopf  Danny
689,690,De Graaf  Klaas Andries
690,691,Schweda  Christian M
691,692,Fu  Min
692,693,Le Meur  A
693,694,Pohlack  Martin
694,695,de Boer  R C
695,696,Andres
696,697,Cortellessa  V
697,698,Haldar  Pradeep
698,699,Ducasse  St phane
699,700,SIGSOFT
700,701,Poernomo  Iman
701,702,European Conference on Software Architecture
702,703,Guill n  Joaqu n
703,704,Spalazzese  Romina
704,705,E
705,706,Xin Qin
706,707,Tchakaloff  Borjan
707,708,Stumper  J rgen
708,709,Seriai  A
709,710,Swider Lyons  Karen E
710,711,Chen  Wei Min
711,712,Koziolek  Anne
712,713,Stotts  David
713,714,Christensen  Henrik Baerbak
714,715,Oladiran  M
715,716,Champeau  Jo l
716,717,Jeffery  R
717,718,Sanson  A
718,719,ACM Special Interest Group on Programming Languages
719,720,Van Deursen  Arie
720,721,Brett  D J L
721,722,Lei  M
722,723,Ru z  Andr s Garc a
723,724,Popescu  D
724,725,Kim  Hokyum
725,726,Rathfelder  Christoph
726,727,Vasconcelos  Aline
727,728,Garcia  Alessandro F
728,729,Moha  Naouel
729,730,Grunbacher  P
730,731,Oliveira  C
731,732,Hinds  G
732,733,De Lemos  Rog rio
733,734,Kuijt  Arie
734,735,Manikas  Konstantinos
735,736,Trienekens  Jos
736,737,Puthusseri  Divya
737,738,Schreiner  Herwig
738,739,Yang  Daijun
739,740,Deloffre  J
740,741,Palma  Francis
741,742,Caracciolo  A
742,743,Cremonesi  Paolo
743,744,Yoon  Songhun
744,745,Kazman  Rick
745,746,Hokyum Kim
746,747,Klein  John
747,748,Seong  Jinhae
748,749,Lukkien  Johan
749,750,Fabresse  Luc
750,751,Snowdon  Bob
751,752,Dhungana  Deepak
752,753,Bueno Ruas Oliveira  L
753,754,Johanson  Arne N
754,755,Pinto  M
755,756,Chardigny  Sylvain
756,757,Hofmeister  C
757,758,of Elec
758,759,Lin  Jui Hsiang
759,760,Staples  Mark
760,761,Kim  Nam In
761,762,Blasi  Lorenzo
762,763,Pohl  C
763,764,Ali  Rima Al
764,765,Graciano Neto  Valdemar Vicente
765,766,Boucke  Nelis
766,767,Molesini  A
767,768,Vieira  Marco
768,769,Popescu  Daniel
769,770,Antonino Salvatore
770,771,Danner  Christian
771,772,Tang  A
772,773,Steenkiste  P
773,774,Esfahani  Naeem
774,775,Takeuchi  Norimitsu
775,776,Yi  Lanhua
776,777,Park  Soon
777,778,Jun Han
778,779,Servais  Pierre
779,780,Corry  Aino Vonge
780,781,Hou Minghui
781,782,Hofmeister  Christine
782,783,Glott  Ruediger
783,784,Huang  Xiaoqing
784,785,Kang  Jungtak
785,786,Lukkien  Johan J
786,787,Acu a  C sar J
787,788,Second International Conference on Quality of Software Architectures  QoSA
788,789,Matsumoto  Kazuya
789,790,Bril  R J
790,791,Schuster  Nelly
791,792,McDermid  J A
792,793,Reussner  R
793,794,Hine  Cameron
794,795,Capuru o  Renato A
795,796,Koutsogiannopoulou  Violetta
796,797,Weiss  Roland J
797,798,Murray  Thomas M
798,799,Mader  P
799,800,Belala  Fa za
800,801,V strik  Imre
801,802,Sangwan  Raghvinder S
802,803,Dwivedi  Vishal
803,804,Ghorbani  Ali A
804,805,Malavolta  Ivano
805,806,Feiertag  Katharina
806,807,Happe  J
807,808,Duchien  L
808,809,Gorlick  Michael M
809,810,Ping Liu
810,811,Gerber  Aurona
811,812,Dam  Hoa Khanh
812,813,Kriechbaum  Thomas
813,814,Zhao  Yajing
814,815,Corpuz  A
815,816,Conference
816,817,Delicato  Flavia C
817,818,C mpan  Sorana
818,819,Mingzhu Cheng
819,820,Zdun  Uwe
820,821,Mikkonen  Tommi
821,822,Abril  Gwena l
822,823,Saha  S
823,824,Philippsen  Michael
824,825,Naito  Katsuyuki
825,826,Selonen  Petri
826,827,Rytter  Martin
827,828,Bennaceur  Amel
828,829,Latvala  Outi Marja
829,830,Diaz Pace  J A
830,831,Herold  S
831,832,Liu  Zhimin
832,833,Dimech  Claire
833,834,August
834,835,Vauttier  Sylvain
835,836,Taufany  Fadlilatul
836,837,Sun  Gongquan
837,838,Tempero  Ewan
838,839,Holvoet  T
839,840,Dong  Shaojun
840,841,Lee  J Y
841,842,Xin Wang
842,843,Guowei Dong
843,844,F
844,845,Felin  Marko
845,846,Deki  Shigehito
846,847,Aldrich  Jonathan
847,848,Zhong  C
848,849,Papadopoulos  George A
849,850,Berardinelli  L
850,851,Yasuda  Yuki
851,852,Christensen  Henrik Brbak
852,853,Iyer  Sridhar
853,854,Komssi  Marko
854,855,Delsinne  N
855,856,Froberg  J
856,857,Yin  Min
857,858,Spence  I
858,859,Chavez  C
859,860,Zhao Tian Tian
860,861,Weber  Sven
861,862,th European Conference  ECSA
862,863,Jung  Christian
863,864,Ar valo  Gabriela
864,865,Paphos  Cyprus
865,866,Rouvrais  S
866,867,Jiao  Jun
867,868,El Ramly  Mohammad
868,869,Munro  David S
869,870,Wentzlaff  Ina
870,871,Salavert  Isidro Ramos
871,872,Zhang  Lei
872,873,Gomaa  H
873,874,Chen  Wei
874,875,Caprarescu  Bogdan Alexandru
875,876,Thamizhmani  A
876,877,Fr d ric
877,878,Koziolek  H
878,879,D az Pace  J
879,880,Umbach  M
880,881,Verma  Prageti
881,882,Sinha  Saurabh
882,883,Johnsen  Andreas
883,884,Mortensen  Kell
884,885,Pascual  Gustavo G
885,886,Grunske  Lars
886,887,Abreu  F B
887,888,Khan  Muhammad Umair Ahmed
888,889,Muccini  H
889,890,Pai  Nai Su
890,891,Mair  M
891,892,Celik  Turgay
892,893,Bui  Ngoc Bao
893,894,Hasche  F
894,895,Zhao  Yufeng
895,896,Huang  Gang
896,897,National Renewable Energy Lab
897,898,Carignano  Mar a Celeste
898,899,Plasil  Frantisek
899,900,Maggiore  F
900,901,Tamburri  Damian A
901,902,Murata  H
902,903,Nord  Robert L
903,904,Ahola  Kimmo
904,905,Ali Babar  Muhammad
905,906,Huang Xiao fang
906,907,Cuesta  Carlos E
907,908,Tsuru  T
908,909,Wang  J X
909,910,Zou  Ruqiang
910,911,Kirby  Graham
911,912,Oquendo  Flavio
912,913,Steenkiste  Peter
913,914,Boer  R C
914,915,Joint Working IEEE IFIP Conference on Software Architecture
915,916,Holtmann  J
916,917,Almeida  Eduardo
917,918,Kulkarni  N
918,919,Bures  T
919,920,Clements  Paul
920,921,Arcelli  Davide
921,922,G rodolle  Anne
922,923,Hnetynka  Petr
923,924,Pala Er  N
924,925,Chou  T S
925,926,th Workshop on MechAnisms for SPEcialization  Generalization and inHerItance  MASPEGHI
926,927,Chou  Hung Lung
927,928,Choi  Han Shin
928,929,Jianli Xu
929,930,Latiff  M Yusop B
930,931,Mukundan  Rangachary
931,932,Falkner  K
932,933,Kit  Michal
933,934,Purhonen  Anu
934,935,Anvaari  M
935,936,Savola  Reijo
936,937,Hamid  Brahim
937,938,Akerman  Art
938,939,Shrestha  Sujan
939,940,Abreu  Rui
940,941,Rodriguez  Ismael Bouassida
941,942,Garlan  D
942,943,Poladian  Vahe
943,944,Velasco Elizondo  Perla
944,945,Klatt  Benjamin
945,946,Hughes  J
946,947,Romanovsky  A
947,948,Zhao  Xin Sheng
948,949,Bachmann  F
949,950,Dhungana  D
950,951,Giesecke  S
951,952,Tibermacine  Chouki
952,953,Canos  Jose H
953,954,Krichen  Fatma
954,955,Ghabi  Achraf
955,956,Fayn  Jocelyne
956,957,Stafford  J
957,958,Snyder  Jeremy
958,959,Ollivon  D
959,960,Scholle  Detlef
960,961,Kou  Siming
961,962,Guarecuco  Rohiverth
962,963,Sugawara  Y
963,964,Wang  Mingxue
964,965,Henriksson  Tomas
965,966,Chen  Zhongwei
966,967,Martin  Andrew
967,968,Sagardui  Goiuria
968,969,Reed  Jeffrey H
969,970,Moser  Irene
970,971,Makki  Majid
971,972,Wang  Li
972,973,G
973,974,Newman  Peter
974,975,Edson A
975,976,Ko  Tse Hao
976,977,Merle  Philippe
977,978,Kumar  Preetam
978,979,Casanova  Paulo
979,980,Mannisto  Tomi
980,981,Lin  Rui
981,982,Latiff  M Y A
982,983,Gilliers  C
983,984,Knodel  Jens
984,985,Jung  Myunghee
985,986,L pez  Oscar
986,987,Jezequel  Jean Marc
987,988,Manzo Robledo  A
988,989,Sasaki  Tatsuyoshi
989,990,Du  X T
990,991,ACadeMics Tooling with Eclipse  ACME
991,992,Hasch
992,993,Van Zee  J W
993,994,Mukundan  R
994,995,Lahire  Philippe
995,996,Li  Qingfeng
996,997,Raibulet  Claudia
997,998,Li  Shuwen
998,999,Kriston
999,1000,Liu  Yuan Zhi
1000,1001,Gruhn  Volker
1001,1002,Machado  Carlos Alberto
1002,1003,Bergner  K
1003,1004,Rabiser  R
1004,1005,Dasgupta  A
1005,1006,Kobetski  Avenir
1006,1007,Carlos
1007,1008,Fouquet  Fran ois
1008,1009,Domis  Dominik
1009,1010,Lehtovuori  Pekka T
1010,1011,Ramos  Isidro
1011,1012,Cui  Chun Hua
1012,1013,Jung  W S
1013,1014,Altmann  Lena
1014,1015,Van Den Berk  Ivo
1015,1016,Paul  M
1016,1017,Halonen  Perttu
1017,1018,Yoshida  Toshihiko
1018,1019,An  Li
1019,1020,Ehlers  Jens
1020,1021,Keznikl  Jaroslav
1021,1022,Hyun  S J
1022,1023,Myll rniemi  Varvana
1023,1024,Jaen  J
1024,1025,Delicato  Fl via C
1025,1026,Chiprianov  V
1026,1027,Bhiri  Mohamed Tahar
1027,1028,Sept
1028,1029,Leung  Cheuk Wing
1029,1030,Oster  N
1030,1031,Wilkinson  David P
1031,1032,Mawdsley  J
1032,1033,Ali
1033,1034,Brosig  Fabian
1034,1035,Yan  Yushan
1035,1036,Pastor  J A
1036,1037,Blad  Christophe
1037,1038,Tryk  Donald A
1038,1039,Wang  Guoxiong
1039,1040,Musil  Angelika
1040,1041,and
1041,1042,Yun Cai
1042,1043,T rngren  Martin
1043,1044,Postma  A
1044,1045,Eicker  Stefan
1045,1046,Pentik inen  Heimo
1046,1047,Drira  K
1047,1048,Alsabet  Mohammad
1048,1049,Cordero  R L
1049,1050,Blankers  Laurens
1050,1051,Okuyama  Kikuo
1051,1052,Roubtsov  Serguei
1052,1053,Andersen  Mads Schaarup
1053,1054,Speder  Jozsef
1054,1055,Jiang  Qian
1055,1056,Farahbod  Roozbeh
1056,1057,Cimpan  S
1057,1058,Budau  Tiberiu
1058,1059,Mirandola  R
1059,1060,Bernini  Diego
1060,1061,Cubo  Javier
1061,1062,Ad mek  Jir
1062,1063,Heisel  Maritta
1063,1064,Sun  Yanchun
1064,1065,Daubert  Erwan
1065,1066,Oquendo  F
1066,1067,C t
1067,1068,Schr ter  Reimar
1068,1069,Ameling  Michael
1069,1070,Miller  James A
1070,1071,Plsek  A
1071,1072,Olsson  Tobias
1072,1073,Li  Xiang
1073,1074,Wickman  B
1074,1075,Ishida  M
1075,1076,Ono  Kenshiro
1076,1077,Guelfi  Nicolas
1077,1078,Garrido  Jos
1078,1079,Arag ez  Miguel A
1079,1080,Peltonen  Jari
1080,1081,Lu  Qinghua
1081,1082,Ja n  Javier
1082,1083,Cataldo  Marcelo
1083,1084,Grefen  Paul
1084,1085,Celiku  Orieta
1085,1086,Zullighoven  H
1086,1087,Hoorn  Johan F
1087,1088,Cantone  Giovanni
1088,1089,S rel
1089,1090,Grundy  John
1090,1091,Myllarniemi  Varvana
1091,1092,Mesbah  Ali
1092,1093,Meng Jiy Wang
1093,1094,Kaneko  K
1094,1095,Ali  Nour
1095,1096,Pierini  Pierluigi
1096,1097,Raatikainen  Mikko
1097,1098,Kit  M
1098,1099,Elankeswaran  Poopalasinkam
1099,1100,Lee  Kang Hee
1100,1101,Stevens  D A
1101,1102,Tuma  Petr
1102,1103,Rodr guez  Rosa Mar a
1103,1104,Smith  Jason McC
1104,1105,Tveit  Merete Skjelten
1105,1106,Cambridge  UK
1106,1107,Mori  Hirotoshi
1107,1108,Biehl  Matthias
1108,1109,Humm  B
1109,1110,H
1110,1111,Koskinen  Johannes
1111,1112,Carsi  Jose A
1112,1113,Liu  B
1113,1114,Svensson  Martin
1114,1115,Marzolla  M
1115,1116,Dragomir  Ana
1116,1117,Leone  Horacio
1117,1118,Garnier  Josette
1118,1119,Marcos  E
1119,1120,Nakagawa  E Y
1120,1121,Yun  Young Soo
1121,1122,smund
1122,1123,Marcos  M
1123,1124,Sitters  E F
1124,1125,Muhamad  Ernee Noryana
1125,1126,Angel
1126,1127,Benoit  Eric
1127,1128,Lopes  Ant nia
1128,1129,Liu  G
1129,1130,Costa  Gabriele
1130,1131,th Working IEEE IFIP Conference on Software Architecture
1131,1132,Khlif  Ilhem
1132,1133,Liu  Yan
1133,1134,Yuan  Eric
1134,1135,Liu  J
1135,1136,Lin  Yu Hsin
1136,1137,Yang  Min Ji
1137,1138,Qayyum  Zawar
1138,1139,Costa  Bruno
1139,1140,Pohlack  M
1140,1141,Tucci  Michele
1141,1142,Al Azzani  Sarah
1142,1143,Marcos  Marga
1143,1144,Li  Heng
1144,1145,Kelly  T
1145,1146,Avgeriou  Paris
1146,1147,Kriechbaum  T
1147,1148,Sauer  Joachim
1148,1149,Ahmad  Manzoor
1149,1150,Loukil  Sihem
1150,1151,Petrov  Plamen
1151,1152,De Andrade  Hugo Sica
1152,1153,van Vliet  H
1153,1154,Yu  Zhuoping
1154,1155,Perovich  Daniel
1155,1156,Uchida  Makoto
1156,1157,Taibi  Davide
1157,1158,Gnesi  S
1158,1159,So zer  H
1159,1160,Shariff  M Riduan B
1160,1161,Gray  Jon
1161,1162,Sailhan  F
1162,1163,Groven  Arne Kristian
1163,1164,Ericsson  Morgan
1164,1165,Tang  Qiwen
1165,1166,Svensson  David
1166,1167,Sarma  Loka Subramanyam
1167,1168,Kargupta  K
1168,1169,Choi  Soon Hyeok
1169,1170,Perez  J
1170,1171,Li  Wenzhen
1171,1172,Sabetta  A
1172,1173,De Antonio  Ang lica
1173,1174,Wang  Yun
1174,1175,Fan  Li Li
1175,1176,Pettersson  Oskar
1176,1177,Lopez  C
1177,1178,Knodel  J
1178,1179,Boehm  Barry
1179,1180,Lai  Feng Ju
1180,1181,Zeid  A
1181,1182,Balzer  Stephanie
1182,1183,Ridene  Youssef
1183,1184,Jomori  Shinji
1184,1185,van Vlie  H
1185,1186,L pez  Claudia
1186,1187,Khayyambashi  Mohammad Reza
1187,1188,Chia  Zhi Wen
1188,1189,Meister  J
1189,1190,Bornhold  J
1190,1191,Brunnert  Andreas
1191,1192,Georgantas  Nikolaos
1192,1193,Fiadeiro  Jos
1193,1194,Pang  Xiao Ning
1194,1195,Van Der Merwe  Alta
1195,1196,Chiu  Chin Yi
1196,1197,Krcmar  Helmut
1197,1198,Brightman  E
1198,1199,Sudoh  Masao
1199,1200,Dar  Farrukh Iqbal
1200,1201,Meng  Xiangbo
1201,1202,Morioka  Hiroyuki
1202,1203,Herzig  Philipp
1203,1204,Wijnstra  Jan Gerben
1204,1205,Bashroush  Rabih
1205,1206,Cho  S H
1206,1207,Neerbek  Jan
1207,1208,Sun  Zhenyu
1208,1209,Goedicke  Michael
1209,1210,Montero  Francisco
1210,1211,Rottger  S
1211,1212,P
1212,1213,Meira  Silvio R L
1213,1214,Charfi  Anis
1214,1215,Versteeg  Steve
1215,1216,Gaenko  Alexander
1216,1217,Van Der Ven  Jan
1217,1218,Gonzalez Rojas  Marco
1218,1219,Ton That  Minh Tu
1219,1220,Deiters  Constanze
1220,1221,Popov  B N
1221,1222,Schneider  Jean Philippe
1222,1223,Johnson  Kenneth
1223,1224,Zhang Yuan yuan
1224,1225,Haron  Z A
1225,1226,Varr
1226,1227,Verma  S
1227,1228,Postema  H
1228,1229,Haaland  Kirsten
1229,1230,Verma  P
1230,1231,Park  Young Chul
1231,1232,Segarra  Maria Teresa
1232,1233,Xie  Feng
1233,1234,Shaik  I
1234,1235,Tao  Liu Hong
1235,1236,Ganesan  Prabhu
1236,1237,Su  Liang
1237,1238,Kjaer  K E
1238,1239,Dajsuren  Yanja
1239,1240,Helsinki  Finland
1240,1241,Garibay Febles  V
1241,1242,Letelier  P
1242,1243,Shaikh  Ali U
1243,1244,IEEE
1244,1245,Rekha  V S
1245,1246,Ramaprabhu  S
1246,1247,Savolainen  P
1247,1248,G mez  Paola
1248,1249,Koksal  Omer
1249,1250,Bornhold  Johannes
1250,1251,Torres Huerta  A M
1251,1252,Lesaint  D
1252,1253,Taibi  D
1253,1254,Rost  Dominik
1254,1255,Soria  Alvaro
1255,1256,Sant Anna  Cl udio
1256,1257,Sarang  P
1257,1258,Bosch  J
1258,1259,Callo
1259,1260,Schougaard  Kari Rye
1260,1261,IV
1261,1262,Key  A
1262,1263,Orlic  Bojan
1263,1264,Van Den Brand  Mark G
1264,1265,Sch fer  Wilhelm
1265,1266,Molesini  Ambra
1266,1267,nd International Conference on Quality of Software Architectures  QoSA
1267,1268,Baresi  Luciano
1268,1269,Joghee  P
1269,1270,Th m  Thomas
1270,1271,Myers  D
1271,1272,Di Noia  T
1272,1273,Holm  Johann E W
1273,1274,Song  S
1274,1275,Sch fer  Clemens
1275,1276,Abanmi  S
1276,1277,Xu  Jianli
1277,1278,Ma Jian Xin
1278,1279,Detmold  H
1279,1280,Estudillo Wong  L A
1280,1281,Morimoto  Y
1281,1282,Kakinuma  Katsuyoshi
1282,1283,Pereira  Javier
1283,1284,Jiang  Yuanyuan
1284,1285,Silva  Eduardo
1285,1286,Souto  Ana Liz
1286,1287,Mao  Xinjun
1287,1288,Chassot  Christophe
1288,1289,Zeng  J
1289,1290,Muskens  J
1290,1291,Suryanarayana  Girish
1291,1292,Carey  P J
1292,1293,Bourcier  Johann
1293,1294,Van Der Raadt  Bas
1294,1295,Scheffe  Mathias
1295,1296,Fowley  F
1296,1297,Jin  Jun
1297,1298,Correia  R
1298,1299,Lee  Jong Hyun
1299,1300,Watanabe  Masahiro
1300,1301,Heckel  R
1301,1302,Vianale  A
1302,1303,Goldschmidt  Thomas
1303,1304,Kinkead  Brandy
1304,1305,Shang Wen Cheng
1305,1306,Edlund
1306,1307,L pez Jaquero  Victor
1307,1308,Liu  Zhao Lin
1308,1309,Koziolek  Heiko
1309,1310,Tsushima  S
1310,1311,Tuovinen  Antti Pekka
1311,1312,Llorens  J
1312,1313,Costa  C
1313,1314,Eloranta  Veli Pekka
1314,1315,Wolf  Alexander L
1315,1316,Fukazawa  Taishi
1316,1317,Kuz  I
1317,1318,Oreizy  Peyman
1318,1319,Yang  Y
1319,1320,Truscan  Dragos
1320,1321,Yang  T
1321,1322,Khudhayer  Wisam J
1322,1323,Chung  Benjamin
1323,1324,Clerc  Viktor
1324,1325,Telea  Alexandru
1325,1326,Ma  Jianxin
1326,1327,Mark
1327,1328,Figueiredo  Eduardo
1328,1329,Kwon  Kyungjung
1329,1330,Mingsheng Ying
1330,1331,Taylor  Richard N
1331,1332,Punnekkat  S
1332,1333,Pires  Paulo F
1333,1334,Winkler  Bernhard
1334,1335,Bouck
1335,1336,Murillo  J M
1336,1337,Association Internationale pour les Technologies Objets
1337,1338,Riva  Claudio
1338,1339,Alarc n  Pedro P
1339,1340,Rudametkin  Walter
1340,1341,th Working IEEE IFIP Conference on Software Architecture  WICSA
1341,1342,Haft  M
1342,1343,Milhuff  J
1343,1344,Oladiran  M T
1344,1345,Tion  Ghazali B
1345,1346,Clements  Paul C
1346,1347,Pietschmann  Stefan
1347,1348,Van Der Walt  Marthie
1348,1349,Lago  Patricia
1349,1350,Gomaa  Hassan
1350,1351,Duzbayev  Nurzhan
1351,1352,Procaccianti  G
1352,1353,Zhang  Liang Jie
1353,1354,Fr berg  Joakim
1354,1355,Morandi  Benjamin
1355,1356,Qin  Xiaoping
1356,1357,Sierra Alonso  A
1357,1358,Aigner  Ronald
1358,1359,Mickan  K
1359,1360,Stassi  Alessandro
1360,1361,Mallet  Julien
1361,1362,Oza  Nilay
1362,1363,Koh  Shirlaine
1363,1364,Cho  Sung Hwa
1364,1365,Liu  J W S
1365,1366,Capilla  R
1366,1367,Balgis  Ratna
1367,1368,Contieri Jr
1368,1369,McMillan  P F
1369,1370,Philippot  K
1370,1371,Abdullah  M F L
1371,1372,H t nen  Kimmo
1372,1373,Cleemann  Lars N
1373,1374,S nchez  Mario
1374,1375,Chen  Xiaohua
1375,1376,Timoszuk  Grzegorz
1376,1377,Bagheri  Ebrahim
1377,1378,Oliveira  Crist v o
1378,1379,IEEE  Piscataway  NJ  USA
1379,1380,Dahn  J R
1380,1381,Jrgensen  Bo Nrregaard
1381,1382,Gu  Qing
1382,1383,Tizzei  Leonardo P
1383,1384,Lucredio  D
1384,1385,Mohagheghi  Parastoo
1385,1386,Krishna  S V S
1386,1387,Tafazolli  Rahim
1387,1388,Reussner  Ralf
1388,1389,Masiero  Paulo C
1389,1390,Proceedings of MASPEGHI
1390,1391,CNRS
1391,1392,Renes  Cassandra
1392,1393,Rajalakshmi  N
1393,1394,J
1394,1395,Vianale  Alessio
1395,1396,Nord  R L
1396,1397,Tsai  P H
1397,1398,Bure  Tom
1398,1399,Abi Antoun  Marwan
1399,1400,Huajie Huang
1400,1401,Pantsar Syv niemi  Susanna
1401,1402,Vicente Chicote  C
1402,1403,Correia  Pedro
1403,1404,Hornos  M J
1404,1405,Kim  W J
1405,1406,Noguera  Carlos
1406,1407,De Oliveira  Lucas Bueno Ruas
1407,1408,Buchmann  Alejandro
1408,1409,Kommula  V
1409,1410,Phung Khac  An
1410,1411,Nakagawa  Elisa Y
1411,1412,Cai  Yuanfang
1412,1413,Alvaro  Alexandre
1413,1414,Gilliot  Jean Marie
1414,1415,Purhonen  A
1415,1416,Duchien  Laurence
1416,1417,Stol  Klaas Jan
1417,1418,Falleri  Jean R my
1418,1419,Jorge  A B
1419,1420,Mart nez Prieto  Miguel A
1420,1421,Eikerling  Michael
1421,1422,Delicato  F C
1422,1423,Gomes  Antonio Tadeu A
1423,1424,Ferrari  R
1424,1425,Liming Zhu
1425,1426,Marcu  A
1426,1427,Danger  J M
1427,1428,Rosenberg  Y
1428,1429,Lucena  C J P
1429,1430,Jerkiewicz  Gregory
1430,1431,Kurilova  Darya
1431,1432,Charman  R
1432,1433,Norris  Boyana
1433,1434,Jamr z  Krzysztof
1434,1435,Hosking  John
1435,1436,Carsi  J A
1436,1437,Crnkovic  I
1437,1438,Hoffmann  Andreas
1438,1439,Negro  E
1439,1440,Wang  Andrew
1440,1441,Gopalasundaram  Umatharan
1441,1442,Di Marco  Antinisca
1442,1443,Jervis  R
1443,1444,Ardagna  Danilo
1444,1445,Saigusa  M
1445,1446,Babau  Jean Philippe
1446,1447,Platenius  Marie Christin
1447,1448,Domik  Gitta
1448,1449,Nain  Gr gory
1449,1450,Sandstr m  Kristian
1450,1451,Barthel  Henning
1451,1452,Soliman  Mohamed
1452,1453,Joo  Sang Hoon
1453,1454,Ying  Mingsheng
1454,1455,Insuk Park
1455,1456,Kilpatrick  P
1456,1457,Poort  Eltjo R
1457,1458,Kim  Jin Kon
1458,1459,Wang  Rongfang
1459,1460,Iborra  Andr s
1460,1461,Eeles  Peter
1461,1462,Apel  Sven
1462,1463,Tabachkova  N Yu
1463,1464,Li  Yujing
1464,1465,Svensson  D
1465,1466,Wischer  Kilian
1466,1467,van Veclen  M
1467,1468,Gao  Faming
1468,1469,Robinson  Daniel
1469,1470,Oster  Per
1470,1471,Kircher  M
1471,1472,Wang  Lei
1472,1473,Sriraman  B
1473,1474,Schuster  N
1474,1475,Meedeniya  Indika
1475,1476,Aleti  Aldeida
1476,1477,Kamino  Takeo
1477,1478,West  Scott
1478,1479,Padmanabhuni  S
1479,1480,Albonetti  S
1480,1481,Jiang  Luhua
1481,1482,Leboulenger  F
1482,1483,Todoran  Irina
1483,1484,Hesenius  Marc
1484,1485,Hansen  K M
1485,1486,DeAntoni  J
1486,1487,Kuz  Ihor
1487,1488,Guyennet  H
1488,1489,Jansen  A
1489,1490,M der  Patrick
1490,1491,Tran  Minh H
1491,1492,Kamal  Ahmad Waqas
1492,1493,Lagergren  C
1493,1494,Dietrich  Jens
1494,1495,Ionita  M T
1495,1496,Olson  Tim
1496,1497,Schouten  Sander
1497,1498,Sant Anna  C
1498,1499,Zschaler  Steffen
1499,1500,M ller  Marco
1500,1501,Land  R
1501,1502,Wolfinger  Reinhard
1502,1503,Izaks  Ronald
1503,1504,Hwang  S
1504,1505,Wang  Y J
1505,1506,Huhn  M
1506,1507,Revillard  Jerome
1507,1508,Moreno  G A
1508,1509,Warboys  B
1509,1510,Kruchten  Philippe
1510,1511,Abie  Habtamu
1511,1512,Diaz Pace  Andres
1512,1513,Stach  Eric A
1513,1514,Boucke  N
1514,1515,Chengqi Zhang
1515,1516,Joosen  W
1516,1517,Ma  Jing Hua
1517,1518,Navasa  A
1518,1519,Miller  J A
1519,1520,Koch  Thorsten
1520,1521,Mikulovic  Vesna
1521,1522,First European Conference  ECSA
1522,1523,Barais  Olivier
1523,1524,Wu  Weihang
1524,1525,Felizardo  Katia Romero
1525,1526,Rombach  Dieter
1526,1527,Abid  Mohamed
1527,1528,Lulli  Guglielmo
1528,1529,Lindstrm  Bo
1529,1530,Deantoni  Julien
1530,1531,Tannenberg  Anna
1531,1532,Grden  Micha
1532,1533,Lettner  Daniela
1533,1534,Jaccheri  Letizia
1534,1535,Schmidt  Heinz W
1535,1536,Nonoyama  Nobuaki
1536,1537,Shahin  Mojtaba
1537,1538,Comput
1538,1539,Peraldi Frati  Marie Agn s
1539,1540,Issarny  Val rie
1540,1541,Piattini  Mario
1541,1542,Joint Working Conference on Software Architecture and
1542,1543,Masson  R
1543,1544,st European Conference on Software Architecture  ECSA
1544,1545,Tavares  A
1545,1546,Aug
1546,1547,Cantone  G
1547,1548,Kazman  R
1548,1549,Iborra  A
1549,1550,Zhang  R
1550,1551,Surajbali  B
1551,1552,Ternite  T
1552,1553,Krogmann  Klaus
1553,1554,Zhang  D
1554,1555,REF
1555,1556,Obbink  H
1556,1557,Laurikainen  Risto
1557,1558,Zschaler  S
1558,1559,Aktemur  Baris
1559,1560,Meiner  Klaus
1560,1561,Trubiani  Catia
1561,1562,Krka  Ivo
1562,1563,Cordero  Rogelio Limon
1563,1564,Hansen  Klaus Marius
1564,1565,Senn  Eric
1565,1566,Gorton  Ian
1566,1567,Wu  Chuan
1567,1568,Taylor  J A
1568,1569,Scha fer  W
1569,1570,Kuo  T W
1570,1571,Westfechtel  Bernhard
1571,1572,Jiang  Feng
1572,1573,Muthig  Dirk
1573,1574,Eastman  Micah
1574,1575,IEEE CS Technical Council on Software Engineering
1575,1576,Mu  Liping
1576,1577,Ha  Kiryong
1577,1578,McClatchey  Richard
1578,1579,Qiang Qu
1579,1580,Zhang  Yong
1580,1581,Agrawal  Ashish
1581,1582,Sullivan  Kieran
1582,1583,Ciraci  Selim
1583,1584,Yang  Yaojin
1584,1585,Weiss  Roland
1585,1586,Aktemur  B
1586,1587,Working IEEE IFIP Conference on Software Architecture  WICSA
1587,1588,Qureshi  Tahir Naseer
1588,1589,Marcos  Esperanza
1589,1590,th Working Conference on Software Architecture  WICSA
1590,1591,Stafford  Judith
1591,1592,Oehler  Marius
1592,1593,Mikulovic  V
1593,1594,Kamat  Prashant V
1594,1595,Lyall  Andrew
1595,1596,Romana  Louis Alexandre
1596,1597,v
1597,1598,Verjus  Herv
1598,1599,Gschwind  T
1599,1600,Wang  Jing Zhuo
1600,1601,Shelton  C
1601,1602,Cote  I
1602,1603,Mark Greenwood  R
1603,1604,Sun  Gong Quan
1604,1605,Saraiva  Diego
1605,1606,Maria Fernandes  Jose
1606,1607,Seger  Brian
1607,1608,Hasselbring  Wilhelm
1608,1609,Ouddane  B
1609,1610,Groenda  Henning
1610,1611,Miic  Vojislav B
1611,1612,Radjenovic  Alek
1612,1613,Osterweil  Leon J
1613,1614,Dagnino  Aldo
1614,1615,Springer Verlag
1615,1616,Graiet  Mohamed
1616,1617,Weyns  D
1617,1618,Mukherjee  Partha P
1618,1619,Weihang Wu
1619,1620,Oh  Jong Gil
1620,1621,Zubrow  David
1621,1622,Br ckmann  Tobias
1622,1623,Artyushkova  Kateryna
1623,1624,Strasser  Kyle
1624,1625,Rose  Louis
1625,1626,L berbauer  Markus
1626,1627,Kerdoudi  Mohamed Lamine
1627,1628,Seriai  Abdelhak
1628,1629,Hailat  Zeyad
1629,1630,Baowen Xu
1630,1631,Wang  Linzhang
1631,1632,Liu  Jing
1632,1633,Chavez  Christina
1633,1634,Wang  Yan
1634,1635,University of Karlsruhe
1635,1636,Vukmirovic  M B
1636,1637,Mahate  Shakeel
1637,1638,Navarro  Elena
1638,1639,Wolf  Timo
1639,1640,Plasil  F
1640,1641,Pereira  Lucas
1641,1642,Ruokonen  Anna
1642,1643,Larsson  S
1643,1644,Harrison  Neil B
1644,1645,Ramirez  Paul M
1645,1646,Working IEEE IFIP Conference on Software Architecture
1646,1647,Oct
1647,1648,Sangwan  R
1648,1649,Th ne  Sebastian
1649,1650,Nahas  Nagi
1650,1651,K ngas  Peep
1651,1652,Lau  Danny
1652,1653,Wang  Zhiqiang
1653,1654,Humayoun  Shah Rukh
1654,1655,Saudrais  S bastien
1655,1656,Munro  D S
1656,1657,Silva  E
1657,1658,Sailhan  Fran oise
1658,1659,Bardram  J E
1659,1660,Silva  C
1660,1661,Rausch  A
1661,1662,IEEE Computer Society  viii
1662,1663,M nnist
1663,1664,Bennicke  Marcel
1664,1665,Gong  Cheng Long
1665,1666,Ram rez Meneses  E
1666,1667,Von Flach G
1667,1668,Kapov
1668,1669,Qi  Zhichang
1669,1670,L pez Sanz  Marcos
1670,1671,Brownsword  A
1671,1672,Florentz  B
1672,1673,Jensen  Jens Oluf
1673,1674,Gonzalez Herrera  Inti
1674,1675,Rahamut  R
1675,1676,Chevreuil  M
1676,1677,Sobernig  Stefan
1677,1678,Hammer  Dieter K
1678,1679,Roshandel  Roshanak
1679,1680,Adler  Nico
1680,1681,Feitosa  Daniel
1681,1682,Ullstr m  Sebastian
1682,1683,Hecker  Artur
1683,1684,Eng
1684,1685,Durdik  Zoya
1685,1686,Pachidi  Stella
1686,1687,Schefer Wenzl  Sigrid
1687,1688,Xie  Tianyuan
1688,1689,Norstr m  Christer
1689,1690,Pitulej  D
1690,1691,Warboys  Brian
1691,1692,Mishler  Jeffrey
1692,1693,University Montpellier
1693,1694,Goknil  Arda
1694,1695,LNCS
1695,1696,Huang  Sheng Yang
1696,1697,p
1697,1698,Wendland  Marc Florian
1698,1699,Zhaoliang Zheng
1699,1700,Tamburrelli  Giordano
1700,1701,Srirama  Satish Narayana
1701,1702,Hock Koon  Anthony
1702,1703,Tekinerdogan  B
1703,1704,Demirli  Elif
1704,1705,Astudillo  Hern n
1705,1706,Barbosa  Ellen Francine
1706,1707,Mustapic  G
1707,1708,M ller  Felix
1708,1709,Mokhtar  Sonia Ben
1709,1710,America  Pierre
1710,1711,Cuong Hoang
1711,1712,Nord  Robert
1712,1713,MechAnisms for SPEcialization  Generalization and InHerItance Workshop
1713,1714,Hendricks  S
1714,1715,Gjster  Terje
1715,1716,Nodab  Z
1716,1717,Murthy  P
1717,1718,Grunbacher  Paul
1718,1719,Lee  D C
1719,1720,That  Minh Tu Ton
1720,1721,Tremblay  G
1721,1722,Travitsky  N
1722,1723,Malakuti  Somayeh
1723,1724,Sokenou  D
1724,1725,Kuperberg  Michael
1725,1726,Inverardi  P
1726,1727,Kumar  P
1727,1728,Sun Gong quan
1728,1729,Kumar  R
1729,1730,Chren  Stanislav
1730,1731,Chaudron  M R V
1731,1732,Hamel  Lazhar
1732,1733,Guinea  Sam
1733,1734,Le Gloahec  Vincent
1734,1735,Marinho  E
1735,1736,Esparcia  Antonio
1736,1737,Urtado  Christelle
1737,1738,Gallon  Laurent
1738,1739,Pettit  R G
1739,1740,Cardoso  R S
1740,1741,McGregor  John D
1741,1742,Liu  Jinbo
1742,1743,Lewis  Peter R
1743,1744,Amaldi  Edoardo
1744,1745,Puddy  G
1745,1746,Shereshevsky  M
1746,1747,Perheentupa  Teemu
1747,1748,Riva  C
1748,1749,Vermaut  F
1749,1750,Zhang Lu
1750,1751,Feugas  Alexandre
1751,1752,Schwarz  Niko
1752,1753,Abdelkareem  Mohammad Ali
1753,1754,Sen  Fatih
1754,1755,Overhage  Sven
1755,1756,Hirai  Shuichiro
1756,1757,Setyawan  Heru
1757,1758,Schmerl  B
1758,1759,kos
1759,1760,Wu  Yating
1760,1761,Van Den Brand  Mark G J
1761,1762,O Brien  Liam
1762,1763,MacCormack  Alan D
1763,1764,Cavalcante  E
1764,1765,Neumayer  Thomas
1765,1766,Stanic  V
1766,1767,Bahsoon  Rami
1767,1768,Jamwal  Vikram
1768,1769,Vara  Juan Manuel
1769,1770,Schneider  Jean Guy
1770,1771,M ller Glaser  Klaus D
1771,1772,Balasubramaniam  Dharini
1772,1773,Anzures Garcia  M
1773,1774,Abbou  S
1774,1775,Bruel  Jean Michel
1775,1776,Beugnard  Antoine
1776,1777,Kalibera  T
1777,1778,Kulesza  Uir
1778,1779,Correia  Rui
1779,1780,Jiang  Shaoji
1780,1781,Schaarup  M
1781,1782,Pylypenko  Svitlana
1782,1783,Bertolino  A
1783,1784,Greefhorst  Danny
1784,1785,Kelly  S C
1785,1786,Dabrowski  Robert
1786,1787,Sadiku  M N O
1787,1788,Hnetynka  P
1788,1789,Lindvall  Mikael
1789,1790,Malek  Sam
1790,1791,Morris  Ed
1791,1792,Dumas  Marlon
1792,1793,Cui  Xiaofeng
1793,1794,Belloir  Nicolas
1794,1795,Lucia
1795,1796,Salger  Frank
1796,1797,Ahmad  Aakash
1797,1798,Dobrica  Liliana
1798,1799,Li  Hui
1799,1800,Hyunwoo Kim
1800,1801,Pope  D J
1801,1802,Oquendo  Fl vio
1802,1803,Diaz Pace  A
1803,1804,M
1804,1805,Poort  E R
1805,1806,Hiser  Jason D
1806,1807,Shariff  M R M
1807,1808,Mattmann  Chris A
1808,1809,Syromiatnikov  Artem
1809,1810,Li  Fan
1810,1811,Lewerentz  Claus
1811,1812,Lewis  G A
1812,1813,Moha  N
1813,1814,ke
1814,1815,Zhao  Liang
1815,1816,kk
1816,1817,Madhavji  Nazim H
1817,1818,Xu  Fan
1818,1819,Prabhakar  T V
1819,1820,Perez  Jennifer
1820,1821,Calero  Coral
1821,1822,Anzures Garc a  Mario
1822,1823,Ardagna  D
1823,1824,Wermelinger  Michel
1824,1825,Merson  Paulo
1825,1826,Loup  B
1826,1827,Lee  Jaejoon
1827,1828,Di Ruscio  Davide
1828,1829,Lei  Ziqiang
1829,1830,Pree  Wolfgang
1830,1831,Acuna  C J
1831,1832,Salagnac  Guillaume
1832,1833,Gorton  I
1833,1834,L zaro  Mar a J
1834,1835,Zalewski  A
1835,1836,Oliveira Jr
1836,1837,and Elec
1837,1838,M ndez  Gonzalo
1838,1839,Nakagawa  Elisa
1839,1840,Khomh  Foutse
1840,1841,Yang Tian
1841,1842,Liang Shi
1842,1843,Di Marco  A
1843,1844,Waltar  K
1844,1845,O Hayre  Ryan
1845,1846,Stefanescu  Alin
1846,1847,Arens  Stephan
1847,1848,Michiels  S
1848,1849,McGee  Ryan A
1849,1850,Boukerram  Abdellah
1850,1851,Golden  CO
1851,1852,Siljee  Johanneke
1852,1853,Gallotti  Stefano
1853,1854,Mezalira  Daniela Z
1854,1855,Revised Papers
1855,1856,Key  Andrew
1856,1857,Golubchik  L
1857,1858,Park  Insuk
1858,1859,Brito  Patrick H
1859,1860,Angelov  S
1860,1861,Li  Zhanwen
1861,1862,Ozkaya  Ipek
1862,1863,Chang  Zhiming
1863,1864,Knauber  Peter
1864,1865,C mara  Javier
1865,1866,Tan  Taixing
1866,1867,Waeles  B
1867,1868,Kuster  J
1868,1869,Wei  Bangxing
1869,1870,Joghee  Prabhuram
1870,1871,Ortiz  F J
1871,1872,Pereira  J
1872,1873,Romero Felizardo  K
1873,1874,Schwittek  Widura
1874,1875,Wang  Hui
1875,1876,Figueiredo  E
1876,1877,Pahl  Claus
1877,1878,Schroeder  Patrick J
1878,1879,Huang  Yunjie
1879,1880,He Da ke
1880,1881,Publisher
1881,1882,Gruhn  V
1882,1883,Ming Wen
1883,1884,Takabatakea  Y
1884,1885,Meira  Silvio Lemos
1885,1886,Ueda  Wataru
1886,1887,Farenhorst  R
1887,1888,Arenz  Matthias
1888,1889,Fernandes  Lyrene
1889,1890,Zernadji  Tarek
1890,1891,Joshi  R K
1891,1892,Luan Huang
1892,1893,Park  S H
1893,1894,Bhattacharya  S
1894,1895,Stammel  Johannes
1895,1896,Ma  Jiantai
1896,1897,Lopes  S
1897,1898,Bulej  Lubom r
1898,1899,Chen  Lianping
1899,1900,Becker  Stefan
1900,1901,Mevissen  Ron
1901,1902,Vasar  Martti
1902,1903,Mangindaan  D
1903,1904,Ali  N
1904,1905,Zenha Rela  M rio
1905,1906,Chikofsky  Elliot
1906,1907,Perez Palacin  Diego
1907,1908,Simonen  Tomi
1908,1909,Horcas  J
1909,1910,Sant Anna  Claudio
1910,1911,Santos  Adri n
1911,1912,Mei  Wu
1912,1913,Wallner  Stefan
1913,1914,Lei  Yu
1914,1915,Horey  James
1915,1916,Gallo  Francesco
1916,1917,Shih  C S
1917,1918,Pylpenko  S
1918,1919,Kolovos  Dimitrios
1919,1920,Wang  X
1920,1921,Yan Liu
1921,1922,Leymann  F
1922,1923,Wang  S
1923,1924,Heymans  Patrick
1924,1925,Pietschmann  S
1925,1926,Dos Santos  Walter A
1926,1927,Xu  Peizhi
1927,1928,Grau  Gemma
1928,1929,MacG
1929,1930,Oezaslan  M
1930,1931,Banis  Mohammad Norouzi
1931,1932,th European Conference on Software Architecture  ECSA
1932,1933,Akasaka  Yoshihiro
1933,1934,Ingram  John E
1934,1935,Trifu  Mircea
1935,1936,Zimmermann  Olaf
1936,1937,Jmaiel  Mohamed
1937,1938,pp
1938,1939,LaMantia  Matthew J
1939,1940,Choi  Kyoung Hwan
1940,1941,Cars
1941,1942,Sasaki  K
1942,1943,Kennaley  Mark
1943,1944,Tsukatsunea  T
1944,1945,Potanin  Alex
1945,1946,Deng  Weiqiao
1946,1947,Roda  Cristina
1947,1948,Schelfthout  Kurt
1948,1949,Zubrow  D
1949,1950,Lundin  Mats
1950,1951,Li  Hui Hui
1951,1952,Gibbs  C
1952,1953,Rusnak  John
1953,1954,N
1954,1955,ACM Special Interest Group on Software Engineering
1955,1956,Leroux  Elena
1956,1957,Mallet  J
1957,1958,Capilla  Rafael
1958,1959,Tamburri  Damian Andrew
1959,1960,Campbell  P R J
1960,1961,Wang  Haijiang
1961,1962,Tounsi  Imen
1962,1963,Tekinerdogan  Bedir
1963,1964,Pires  P F
1964,1965,Grace  P
1965,1966,Van Heesch  Uwe
1966,1967,Castor  Fernando
1967,1968,Sibling  M
1968,1969,Gennett  Thomas
1969,1970,Ampatzoglou  Apostolos
1970,1971,Paderewski Rodr guez  Patricia
1971,1972,Geertsema  Bas
1972,1973,Kornstadt  A
1973,1974,Mikko
1974,1975,Wu  Haibin
1975,1976,Pak  Chanho
1976,1977,Chao Ting Chen
1977,1978,Borup  Rodney L
1978,1979,Biffl  Stefan
1979,1980,Cuesta  C E
1980,1981,Zhang  Chengqi
1981,1982,Xu  Dianxiang
1982,1983,Ebert  Achim
1983,1984,El Houda  Z
1984,1985,Fuentes  Lidia
1985,1986,Yusuf  Iman I
1986,1987,Dony  Christophe
1987,1988,Disalvo  Francis J
1988,1989,Lago  P
1989,1990,Valenzuela  Juan A
1990,1991,Burstein  L
1991,1992,Cor
1992,1993,Rombach  D
1993,1994,S nchez  Pedro
1994,1995,Siedersleben  J
1995,1996,Lehsaini  M
1996,1997,Dong  Jian Wen
1997,1998,James  H
1998,1999,Hopkinson  L
1999,2000,Adamek  J
2000,2001,Kraft  Frank Michael
2001,2002,Proceedings Companion Volume
2002,2003,Appel  S
2003,2004,Byon  S M
2004,2005,Angelov  Samuil
2005,2006,Stoker  Piet W
2006,2007,Le Hir  P
2007,2008,Soc
2008,2009,Sun  Qiang
2009,2010,Miesbauer  Cornelia
2010,2011,Drira  Khalil
2011,2012,Sadou  Salah
2012,2013,Sun  Hong Fang
2013,2014,Kang  Kyo C
2014,2015,G ls n
2015,2016,Sangal  Neeraj
2016,2017,Fleurquin  R gis
2017,2018,Kirkensgaard  Jacob J K
2018,2019,Liu  Xue
2019,2020,Lucie
2020,2021,Hendrickson  S A
2021,2022,Salger  F
2022,2023,Costa  Maria Jos
2023,2024,Liang  Xin
2024,2025,Pakharev  A Yu
2025,2026,Brodsky  Alex
2026,2027,Fr mmgen  Alexander
2027,2028,Natarajan  Rajalakshmi
2028,2029,Navasa  Amparo
2029,2030,Zhong  Cheng
2030,2031,Wang  Zhenyu
2031,2032,Wesselmark  M
2032,2033,Carlino  Juan P
2033,2034,Jin  Yan
2034,2035,Ferrari  Sandra
2035,2036,Goulao  M
2036,2037,Franch  X
2037,2038,Ran  Alexander
2038,2039,Parra  Carlos
2039,2040,Changhai Nie
2040,2041,Abanmi  Suhail
2041,2042,Siah  A
2042,2043,Fan  D Y
2043,2044,Krupaviciute  Asta
2044,2045,Meister  J rgen
2045,2046,Lee  Jinwoo
2046,2047,Arts  Thomas
2047,2048,Fraga  Anabel
2048,2049,Bradley
2049,2050,Huchard  Marianne
2050,2051,Coelho  Wesley
2051,2052,Johari  A
2052,2053,Arias  Trosky B
2053,2054,Manset  D
2054,2055,Mumbai  India
2055,2056,de With  P H N
2056,2057,Hargreaves  Nigel
2057,2058,Diaz Pace  J
2058,2059,Ramani  Vijay
2059,2060,Kelly  Tim
2060,2061,Cavalcanti  Ricardo De Oliveira
2061,2062,Jeffery  Ross
2062,2063,Buchmann  Alejandro P
2063,2064,Toll  Daniel
2064,2065,Navarro  Jose
2065,2066,Le Pape  O
2066,2067,Rekha V
2067,2068,Hoyland  Christine A
2068,2069,Yang  Hong
2069,2070,Frank
2070,2071,Campo  M R
2071,2072,Abbas  Nadeem
2072,2073,Antonino S
2073,2074,Sethi  Kanwarpreet
2074,2075,Vasilescu  Bogdan
2075,2076,Sehestedt  Stephan
2076,2077,Engl  T
2077,2078,Mathe  Zwanani
2078,2079,Kang  Eunae
2079,2080,Medvidovic  N
2080,2081,Almeida  Francisco
2081,2082,Masciadri  Laura
2082,2083,Hinz  Michael
2083,2084,Lee  Larix
2084,2085,Nedelec  R mi
2085,2086,Quality of Software Architectures
2086,2087,Alvarez  B
2087,2088,Groher  I
2088,2089,Lindgren  Markus
2089,2090,Antonio
2090,2091,Amrhein  Karsten
2091,2092,Land  Rikard
2092,2093,Rausch  Andreas
2093,2094,St rrle  Harald
2094,2095,Jonckers  Viviane
2095,2096,Wang  W J
2096,2097,Ganguly  S
2097,2098,van Osch  M
2098,2099,Van Hoorn  Andr
2099,2100,Bose  A
2100,2101,Biffl  S
2101,2102,Engels  G
2102,2103,Mao  Lanqun
2103,2104,Schmid  Klaus
2104,2105,Roth  Andreas
2105,2106,Hammer  D K
2106,2107,Naab  Matthias
2107,2108,Peng Liang
2108,2109,Guo  Shujing
2109,2110,Savolainen  Juha Erik
2110,2111,Etcheber  Henri
2111,2112,Matos  Carlos M
2112,2113,Neill  Colin J
2113,2114,Tamzalit  Dalila
2114,2115,Acher  Mathieu
2115,2116,Eisner  Andreas
2116,2117,Pohjalainen  Pietu
2117,2118,Kumar  Amod
2118,2119,Atkinson  C
2119,2120,Greenwood  R
2120,2121,Van Veelen  Martijn
2121,2122,Clarke  Jim
2122,2123,Franks  Greg
2123,2124,Ylikangas  Mikko
2124,2125,Ahmed  Moataz
2125,2126,Ko  Jaejoon
2126,2127,Falessi  D
2127,2128,Almeida  F
2128,2129,Hunink  Ivo
2129,2130,Lin  Jhih Min
2130,2131,Llorens  Juan
2131,2132,Xie  Jingsi
2132,2133,Liu  Bo
2133,2134,Theodoridou  A
2134,2135,Cortellessa  Vittorio
2135,2136,Horcas  Jose Miguel
2136,2137,Cheng  Y
2137,2138,Andersson  J
2138,2139,Chen  J
2139,2140,Nowak  Marcin
2140,2141,Lin Rui
2141,2142,Wang  Xin
2142,2143,Zhang  Shengsheng
2143,2144,Sapienza  Gaetana
2144,2145,Thornton  Janet
2145,2146,Cardoso  Roberto Speicys
2146,2147,Xu  Lingzhi
2147,2148,Rosik  Jacek
2148,2149,Greenwood  R M
2149,2150,Medvidovic  Nenad
2150,2151,Bennaceur  A
2151,2152,Oliveira  Lucas Bueno Ruas
2152,2153,Babar  A
2153,2154,Zulkernine  Mohammad
2154,2155,Kornst dt  Andreas
2155,2156,and the
2156,2157,Babar  M
2157,2158,Uhrig  Sabrina
2158,2159,Sasakia  K
2159,2160,Ramos  I
2160,2161,Meissner  K
2161,2162,Gamez  Nadia
2162,2163,Cai  Mei
2163,2164,Tran  M H
2164,2165,Selonen  P
2165,2166,Aigner  R
2166,2167,Pors  M
2167,2168,Maldonado  Jos
2168,2169,Nguyen Tuong  Anh
2169,2170,El Ariss  Omar
2170,2171,Helleboogh  Alexander
2171,2172,Heyman  Thomas
2172,2173,Mountassir  Hassan
2173,2174,Pezzota  Giuditta
2174,2175,Garcia  A
2175,2176,Rouvrais  Siegfried
2176,2177,Bashroush  R
2177,2178,Yin  Jie
2178,2179,IEEE Computer Society
2179,2180,Li  Hang
2180,2181,Perez Martinez  J E
2181,2182,Galster  Matthias
2182,2183,Mayer  Johannes
2183,2184,Ratcliffe  Olivier
2184,2185,Neumann  Gustaf
2185,2186,Motelay Massei  A
2186,2187,Due as  Juan C
2187,2188,Xiao  Hui
2188,2189,Sun  Shuhui
2189,2190,Hendrickson  Scott A
2190,2191,Lopez Sanz  M
2191,2192,Krikhaar  Rene
2192,2193,Wert  Alexander
2193,2194,Babazadeh  Masiar
2194,2195,Fairweather  J
2195,2196,Li  Zhao
2196,2197,Ogi  Takashi
2197,2198,Wakasugi  Yuko
2198,2199,Kaats  Erwin
2199,2200,Thouvenin  B
2200,2201,Madhavji  N H
2201,2202,Mei  Hong
2202,2203,Lehn  Max
2203,2204,Wang  Erkang
2204,2205,Lee  Jim Yang
2205,2206,Joint
2206,2207,Systa  T
2207,2208,Wei  Lu
2208,2209,Hilliard  R
2209,2210,A Joint ECMFA ECSA ECOOP Workshop  July
2210,2211,Cavalcante  Everton
2211,2212,Sarang  Poornachandra
2212,2213,Pace  Stefano
2213,2214,Morrison  Ron
2214,2215,Taylor  Gareth
2215,2216,Chen  DeJiu
2216,2217,Zhang  Xian
2217,2218,Becker  Matthias
2218,2219,ACM International Conference Proceeding Series
2219,2220,Huck  Kevin
2220,2221,Koskimies  Kai
2221,2222,Dutta  Sreya
2222,2223,Ghezzi  Carlo
2223,2224,Biel  Bettina
2224,2225,Herbsleb  James
2225,2226,Erenkrantz  Justin R
2226,2227,Kavimandan  Amogh
2227,2228,Sporea  Adelina
2228,2229,Wagner  Stefan
2229,2230,S zer  Hasan
2230,2231,Koschke  R
2231,2232,Sahraoui  H A
2232,2233,Huhn  Michaela
2233,2234,Desroy  Nicolas
2234,2235,Tisato  Francesco
2235,2236,Fraga  A
2236,2237,Tofan  Dan
2237,2238,De La Fuente  Pablo
2238,2239,Egyed  A
2239,2240,Keznikl  J
2240,2241,Gomes  Ant nio T
2241,2242,Hatebur  Denis
2242,2243,Ohashi  Masato
2243,2244,Kusters  Rob
2244,2245,Davidson  Jack W
2245,2246,Lesourd  Sandric
2246,2247,Uziak  J
2247,2248,Adzic  R R
2248,2249,Veps l inen  Timo
2249,2250,Niemel
2250,2251,Mongiello  Marina
2251,2252,Rinaldo  Steven G
2252,2253,Marzolla  Moreno
2253,2254,Shelton  Charles
2254,2255,Waignier  Guillaume
2255,2256,De With  Peter H N
2256,2257,Kiwelekar  Arvind W
2257,2258,Kantarovitch  Julia
2258,2259,Matteo  A
2259,2260,Kozyura  Vitaly
2260,2261,Hwang  Bing Joe
2261,2262,Song  Yunfeng
2262,2263,Leymann  Frank
2263,2264,Bernardo  Marco
2264,2265,Hughes  S J
2265,2266,Centellas  Francesc
2266,2267,Huber  Nikolaus
2267,2268,Del Rosso  C
2268,2269,Gao  Min Rui
2269,2270,th European Conference on Software Architecture  WICSA ECSA
2270,2271,Cheng  Chih Hong
2271,2272,K ster  Jochen M
2272,2273,Wasowski  Andrzej
2273,2274,Nyr nen  Tommi Henrik
2274,2275,Lewis  Grace A
2275,2276,Hadj Kacem  Mohamed
2276,2277,McMoran  Alan
2277,2278,Barbier  Franck
2278,2279,Paige  Richard F
2279,2280,Ahmad  Tanvir
2280,2281,Hyun  Soon J
2281,2282,Krautsevich  Leanid
2282,2283,Commarieu  Marc Vincent
2283,2284,Yi  Baolian
2284,2285,Schelfthout  K
2285,2286,L nn  Henrik
2286,2287,Guterman  V E
2287,2288,Mahalakshmi  D V
2288,2289,Bennicke  M
2289,2290,Buchmann  A
2290,2291,Musil  A
2291,2292,Pastor  Elena
2292,2293,Dorn  Christoph
2293,2294,Janson  Anne Laure
2294,2295,Torjusen  Arild B
2295,2296,Ohyagi  Shinsuke
2296,2297,Hussein  M
2297,2298,Toth  G
2298,2299,Sousa  Jo o Pedro
2299,2300,Gamliel  David
2300,2301,Harper  K
2301,2302,Al Hilank  Samir
2302,2303,Staron  Miroslaw
2303,2304,Tainburrelli  G
2304,2305,Reussner  Ralf H
2305,2306,Natchetoi  Yuri
2306,2307,Tang  Mau Tsu
2307,2308,Etxeberria  Leire
2308,2309,Chauvel  Franck
2309,2310,Kacem  Mohamed Hadj
2310,2311,Gassara  Amal
2311,2312,Blech  Martin
2312,2313,De Gooijer  Thijmen
2313,2314,Xiong  Huanhuan
2314,2315,Cherfia  Taha Abdelmoutaleb
2315,2316,Sandru  Calin
2316,2317,Gerdes  S
2317,2318,Jerad  Chadlia
2318,2319,Peake  Ian D
2319,2320,Hinsman  Carl
2320,2321,Zhang  Geng
2321,2322,Jonsson  Niklas
2322,2323,Kirby  G
2323,2324,Zhang  Lijuan
2324,2325,Pisu  Pierluigi
2325,2326,Klein  M
2326,2327,Suomalainen  Jani
2327,2328,Systa  Tarja
2328,2329,Pruijt  Leo
2329,2330,Van Erk  Rene
2330,2331,Golubchik  Leana
2331,2332,Janssen  G J M
2332,2333,Nakagawa  Elisa Yumi
2333,2334,Pasquaud  St phanie
2334,2335,Matinlassi  M
2335,2336,Ameller  David
2336,2337,Kebir  Selim
2337,2338,Manavalan  P
2338,2339,Jose  Subin
2339,2340,Yang  Jin Seok
2340,2341,ISSN
2341,2342,Hoang  Cuong
2342,2343,Yu  Shu Hong
2343,2344,Ahola  Titta
2344,2345,Schw gerl  Felix
2345,2346,Morrison  R
2346,2347,Kruchten  P
2347,2348,Reid  O Rian
2348,2349,Rozanski  Nick
2349,2350,Arias  Conchita
2350,2351,Babburi  P
2351,2352,Gu h neuc  Yann Ga l
2352,2353,Brinkkemper  Sjaak
2353,2354,Babka  Vlastimil
2354,2355,Garsuch  Arnd
2355,2356,Salavert  I R
2356,2357,Janssen  Curtis L
2357,2358,Sangiorgi  N
2358,2359,Baelen  Warren
2359,2360,Ye  C X
2360,2361,Zelend  Andreas
2361,2362,Carrillo  Oscar
2362,2363,Chen  T Y
2363,2364,Webel  Christian
2364,2365,Costa  A L
2365,2366,Buchmann  A P
2366,2367,Heisel  M
2367,2368,Bernardo  M
2368,2369,K ster  Martin
2369,2370,Eila
2370,2371,Hemanth  S
2371,2372,Koper  G J M
2372,2373,Vartiala  Mikko
2373,2374,Merseguer  Jos
2374,2375,Anwei Zhu
2375,2376,Pimentel  Afonso
2376,2377,Baby  Tessy Theres
2377,2378,Obbink  Henk
2378,2379,Tunde
2379,2380,Clerc  V
2380,2381,Soliman  M
2381,2382,Valenzuela  J A
2382,2383,Wang  Xiayan
2383,2384,Heppell  C M
2384,2385,Rossel  Pedro O
2385,2386,Sokoowska  Dorota
2386,2387,Luiz
2387,2388,Gimenes  Itana M
2388,2389,Berbers  Yolande
2389,2390,Smith  M
2390,2391,Denis  Lionel
2391,2392,Pfrang  A
2392,2393,Leite  Jair
2393,2394,Razavian  Maryam
2394,2395,Kuusij rvi  Jarkko
2395,2396,Paschos  Odysseas
2396,2397,Mzid  Rania
2397,2398,Galv o  Ism nia
2398,2399,Jansen  Anton
2399,2400,Lungu  Mircea
2400,2401,Rick  John
2401,2402,Vastava  Ratndeep
2402,2403,Gu rbu z  H G
2403,2404,Tafazolli  R
2404,2405,McLouth  Tait
2405,2406,Avritzer  Alberto
2406,2407,Verbaeten  P
2407,2408,Kr ger  Ingolf H
2408,2409,Hu  Wenbin
2409,2410,Leroux  E
2410,2411,Tiphagne Larcher  K
2411,2412,Brown  T J
2412,2413,Perry  D E
2413,2414,Kacem  Ahmed Hadj
2414,2415,Woods  Eoin
2415,2416,Li Xiang yi
2416,2417,An  Sunhyung
2417,2418,Gonnet  Silvio
2418,2419,Hussein  Mohamed
2419,2420,Rudolph  Manuel
2420,2421,Wang  Hanfei
2421,2422,Wang  Rui Xiang
2422,2423,Andersson  Jesper
2423,2424,Chiprianov  Vanea
2424,2425,Toldinas  Jevgenijus
2425,2426,K rner  Marco
2426,2427,Buchgeher  G
2427,2428,Jin  Seon Ah
2428,2429,Gobel  S
2429,2430,Oliveira  Lucas Bueno R
2430,2431,Workshop on ACadeMics Tooling with Eclipse  ACME
2431,2432,Schenk  Simon
2432,2433,Pastor  Juan A
2433,2434,Dom nguez Crespo  M A
2434,2435,Yim  S
2435,2436,Gamez  N
2436,2437,Zaman  Marzia
2437,2438,H fig  Kai
2438,2439,Alvaro  A
2439,2440,Zheng  Changwen
2440,2441,G bel  Steffen
2441,2442,Calinescu  Radu
2442,2443,Feng  Xiumei
2443,2444,Hansen  Geir
2444,2445,lvarez  B rbara
2445,2446,Li Huan qiao
2446,2447,Tartanoglu  F
2447,2448,Riebisch  M
2448,2449,Dong  Zhengping
2449,2450,Loulou  I
2450,2451,Ernst  Erik
2451,2452,Webber  Jim
2452,2453,Lai Xin
2453,2454,Stancalie  Andrei
2454,2455,Garc a Alonso  Jos
2455,2456,Ojala  Pasi
2456,2457,Coulette  Bernard
2457,2458,Abrahamsson  Pekka
2458,2459,Kjr  Kristian Ellebk
2459,2460,Magee  J N
2460,2461,Detmold  Henry
2461,2462,Pace  S
2462,2463,Jin  S F
2463,2464,Kaneko  Keisuke
2464,2465,Sreenivas  G
2465,2466,Yu  Jian
2466,2467,Bass  L
2467,2468,Bass  M
2468,2469,Roy  Kaushik
2469,2470,Olumofin  Femi G
2470,2471,Gou  Galian
2471,2472,Wijnstra  J G
2472,2473,Pautasso  Cesare
2473,2474,Keszthelyi  Laszlo
2474,2475,Crnkovic  Ivica
2475,2476,Eveline
2476,2477,Saadatmand  Mehrdad
2477,2478,Couturier  Vincent
2478,2479,Passalacqua  Enza
2479,2480,Monteiro  J
2480,2481,Myers  Deborah J
2481,2482,Ivanovic  Ana
2482,2483,Ahuja  Ankit
2483,2484,Faniyi  Funmilade
2484,2485,Luinenburg  L tzen
2485,2486,Chew  Kar Ann
2486,2487,Kacem  A H
2487,2488,Bures  Tomas
2488,2489,Roshandel  R
2489,2490,Strembeck  Mark
2490,2491,Bulej  L
2491,2492,Kanstr n  Teemu
2492,2493,Von Detten  Markus
2493,2494,Mongiello  M
2494,2495,Aboud  Nour Alhouda
2495,2496,Hornos  Miguel J
2496,2497,Kadner  Kay
2497,2498,Bhuta  Jesal
2498,2499,Santos  Maribel Yasmina
2499,2500,Musil  J
2500,2501,Tsujiguchi  Takuya
2501,2502,ISBN
2502,2503,Lindbergh  G
2503,2504,Jung  Dong Won
2504,2505,Perdeck  Michiel
2505,2506,Miner  Donald
2506,2507,Fan  You Jun
2507,2508,Bondi  A B
2508,2509,Alonso  Diego
2509,2510,Zalila  Bechir
2510,2511,M ller  Bernhard
2511,2512,Begoli  Edmon
2512,2513,Kim  Junbom
2513,2514,Borup  Rodney
2514,2515,Devesh  Divya
2515,2516,Fan  Yushun
2516,2517,Gatto  Irene
2517,2518,Debe  M K
2518,2519,Borne  Isabelle
2519,2520,Pereira  A C
2520,2521,Juhola  Arto
2521,2522,Buckl  Sabine
2522,2523,P rez Mart nez  Jorge Enrique
2523,2524,Musil  Juergen
2524,2525,Szyperski  C
2525,2526,Fairtlough  M
2526,2527,Bouassida Rodriguez  Ismael
2527,2528,Yadav  A P
2528,2529,Kiwelekar  A W
2529,2530,Booch  Grady
2530,2531,Bonta  E
2531,2532,Herbsleb  James D
2532,2533,Edwards  George
2533,2534,Tyree  Jeff
2534,2535,Hamza  Salma
2535,2536,Wilson  James G
2536,2537,A Joint ECMFA ECSA ECOOP Workshop
2537,2538,Oezaslan  Mehtap
2538,2539,rd European Conference on Software Architecture
2539,2540,Gue he neuc  Y
2540,2541,De Roo  Arjan
2541,2542,Andrikopoulos  Vasilios
2542,2543,Huang  Yu
2543,2544,Florentz  Bastian
2544,2545,Lee  Zhen You
2545,2546,B umer  Marcus
2546,2547,Zhang  Huaxi
2547,2548,Soares  S rgio
2548,2549,K hn  Eva
2549,2550,Jahn  Markus
2550,2551,de Vries  T
2551,2552,Holvoet  Tom
2552,2553,Gunnalan  R
2553,2554,Laroutis  Dimitri
2554,2555,Mitchell  S B
2555,2556,Wu  Meng Shiou
2556,2557,Procaccianti  Giuseppe
2557,2558,Kruger  I H
2558,2559,Rubira  Cec lia M
2559,2560,Roefzaad  Melanie
2560,2561,Estevez  E
2561,2562,P rez  Miguel A
2562,2563,Sun  Xueliang
2563,2564,Mihai  Laura
2564,2565,Mraidha  Chokri
2565,2566,Oliveira Antonino  Pablo
2566,2567,Ahmad  Ramiz
2567,2568,Alvarez  Camilo
2568,2569,Bron  Michael
2569,2570,th European Conference on Software  ECSA
2570,2571,Kadner  K
2571,2572,Trienekens  Jos J M
2572,2573,Rohde  Martin
2573,2574,Becker  Steffen
2574,2575,Jan
2575,2576,Schwanke  Robert W
2576,2577,Jiehan Zhou
2577,2578,Feham  M
2578,2579,Sachs  Kai
2579,2580,Su  Guoxin
2580,2581,Yamanaka  Toshiro
2581,2582,Philippow  I
2582,2583,Paulish  Daniel
2583,2584,Guessi  Milena
2584,2585,Englebert  Vincent
2585,2586,Da Cunha  Adilson M
2586,2587,Lu  Yizhong
2587,2588,Nishikata  A
2588,2589,Blankers  L
2589,2590,Jamro z  K
2590,2591,Koskela  Mika
2591,2592,Aarnoutse  Floor
2592,2593,Atanasoski  R T
2593,2594,Le Meur  Anne Fran oise
2594,2595,Li  Zhiping
2595,2596,Source
2596,2597,Kevin O Neill
2597,2598,Kelly  Sean C
2598,2599,Pichler  Christian
2599,2600,Dagtas  Serhan
2600,2601,Second European Conference  ECSA
2601,2602,Werner  C
2602,2603,Wood  K
2603,2604,McDermid  John A
2604,2605,Martfnez Prieto  M A
2605,2606,Isabelle
2606,2607,Wood  David
2607,2608,Ionita  Mugurel T
2608,2609,Fowley  Frank
2609,2610,Sierra Alonso  Almudena
2610,2611,July
2611,2612,Wood  W
2612,2613,Huisman  Rudolf
2613,2614,Llavador  Manuel
2614,2615,Xing  Wei
2615,2616,Englebert  V
2616,2617,Pinto  M nica
2617,2618,Alebrahim  Azadeh
2618,2619,Yates
2619,2620,Yi  S C
2620,2621,Vosgen  M
2621,2622,S
2622,2623,Kim  Hyunwoo
2623,2624,Due as  J C
2624,2625,Zeisel  Helmut
2625,2626,Aram  Michael
2626,2627,Letelier  Patricio
2627,2628,Glinz  Martin
2628,2629,E ISSN
2629,2630,Balasubramaniam  D
2630,2631,Woodside  M
2631,2632,Yang  H N
2632,2633,Yang  H J
2633,2634,Lottin  O
2634,2635,Haitzer  Thomas
2635,2636,Jinshan Liu
2636,2637,Computer Society
2637,2638,Seele  Wilbert
2638,2639,Wu  Feng
2639,2640,Willey  Allan
2640,2641,Ma  Xiaofu
2641,2642,Touzi  Amel Grissa
2642,2643,Wang  Xiang
2643,2644,Jin  Hyoung Joon
2644,2645,Tartanoglu  Ferda
2645,2646,Balasubramaniam  Balasangar
2646,2647,Buckley  Jim
2647,2648,Assmann  Martin
2648,2649,Wijs  Anton
2649,2650,Bianco  Phil
2650,2651,Chiffoleau  J F
2651,2652,Heckel  Reiko
2652,2653,Zhao  Lu
2653,2654,Liu  Xi Yang
2654,2655,Tajima  Naoko
2655,2656,Kommula  Venkata P
2656,2657,Goforth  Andrea M
2657,2658,Boehm  B
2658,2659,Ji  Zhi Cheng
2659,2660,De Almeida  Eduardo Santana
2660,2661,Nierstrasz  Oscar
2661,2662,SarIlI  Erdem
2662,2663,Guoxin Su
2663,2664,Baresi  L
2664,2665,Larsson  Joanna Fredriksson
2665,2666,Cimpan  Sorana
2666,2667,Kmimech  Mourad
2667,2668,Freudenreich  Tobias
2668,2669,Karsai  Gabor
2669,2670,Garcia  Joshua
2670,2671,Wile  D S
2671,2672,Buhnova  Barbora
2672,2673,Liu  J B
2673,2674,David  Ionut
2674,2675,Sebasti n  David
2675,2676,Saraiva  Juliana
2676,2677,Goichon  Fran ois
2677,2678,Shuiying Gao
2678,2679,Lucena  Carlos J
2679,2680,Ayala  Claudia P
2680,2681,O Malley  R
2681,2682,Hadj Kacem  Ahmed
2682,2683,Spencer  K L
2683,2684,Verjus  Herve
2684,2685,Li  Ruying
2685,2686,Paderewski Rodriguez  P
2686,2687,Fuhrman  C
2687,2688,Weinreich  Rainer
2688,2689,Joolia  Ackbar
2689,2690,Herold  Sebastian
2690,2691,Knight  John C
2691,2692,Chouali  Samir
2692,2693,Damaevicius  Robertas
2693,2694,Barkaoui  Kamel
2694,2695,Berrocal  Javier
2695,2696,Gennari  Jeff
2696,2697,Syst
2697,2698,Montresor  Alberto
2698,2699,Cheng  Shang Wen
2699,2700,Schludermann  Elisabeth
2700,2701,Raun  Anbang
2701,2702,van der Raadt  B
2702,2703,Buyens  Koen
2703,2704,Nanz  Sebastian
2704,2705,Yu  Ping
2705,2706,Shao  Zhi Gang
2706,2707,Weyns  Danny
2707,2708,Henss  J rg
2708,2709,Maldonado  Jose C
2709,2710,Perez  M A
2710,2711,Kersten  Benjamin
2711,2712,Gil  Didac
2712,2713,Zhou  Jiehan
2713,2714,Alti  Adel
2714,2715,Dimov  A
2715,2716,Brebner  Paul
2716,2717,Du  Miao
2717,2718,Aschauer  Thomas
2718,2719,Moreira  Ana
2719,2720,Blanc  Xavier
2720,2721,Verma  Sudhanshu
2721,2722,Bucchiarone  Antonio
2722,2723,Spalazzese  R
2723,2724,Wermelinger  M
2724,2725,Neyerlin  K C
2725,2726,Joshi  Rushikesh K
2726,2727,Taylor  R N
2727,2728,Arockiados  T
2728,2729,Uusitalo  Eero
2729,2730,Machado  C A
2730,2731,Zheng  Gang
2731,2732,Lecture Notes in Computer Science
2732,2733,Lehofer  Martin
2733,2734,Paintsil  Ebenezer
2734,2735,Vasconcelos  A
2735,2736,Cadirov  N
2736,2737,Fairtlough  Matt
2737,2738,Miranda  Sindolfo
2738,2739,Clements  P
2739,2740,Li  Li
2740,2741,Kamruzzaman  Joarder
2741,2742,Goel  Nishith
2742,2743,Alves  Carina Frota
2743,2744,Wood  William
2744,2745,Losilla  Fernando
2745,2746,Aldekoa  Gentzane
2746,2747,Jiang  Michael
2747,2748,Jain  P
2748,2749,Norstrom  C
2749,2750,Van Den Brand  Mark
2750,2751,Heinz  Matthias
2751,2752,Adersberger  Josef
2752,2753,Tuovinen  A
2753,2754,Pettersson  Paul
2754,2755,Aksit  Mehmet
2755,2756,Zhu  Liming
2756,2757,Tuckett  A
2757,2758,Wall  A
2758,2759,Wile  David S
2759,2760,Bachmann  Felix
2760,2761,Muccini  Henry
2761,2762,Coulson  Geoff
2762,2763,Kijas  Szymon
2763,2764,Murillo  Juan M
2764,2765,Duszynski  Slawomir
2765,2766,Dameron  A
2766,2767,Eriksson  Anders
2767,2768,Sporea  Dan
2768,2769,Bass  Matthew
2769,2770,Plek  Ale
2770,2771,Charrier  Gregory
2771,2772,Garban  B
2772,2773,Jmaiel  M
2773,2774,In Conjunction with the Colocated Conferences  ECOOP  ECMFA and ECSA
2774,2775,Fouquet  Francois
2775,2776,Bouwers  Eric
2776,2777,Adams  Kevin
2777,2778,Centre National De La Recherche Scientifique
2778,2779,Schieferdecker  Ina
2779,2780,Zheng  Jiang
2780,2781,Xu  Junyuan
2781,2782,Kuusela  Juha
2782,2783,Fern ndez  Javier D
2783,2784,Ferrari  Remo
2784,2785,Morin  J
2785,2786,Coelho  Roberta
2786,2787,Ara jo  Rodrigo
2787,2788,Garcia  Alessandro
2788,2789,Nascimento  L
2789,2790,Ganesan  P
2790,2791,Teodorov  Ciprian
2791,2792,Palma  F
2792,2793,Mathew  R
2793,2794,De Vries  Tjaard
2794,2795,Wang  Michael C
2795,2796,Arce Estrada  E M
2796,2797,McClatchey  R
2797,2798,Fr not  St phane
2798,2799,Rybarczyck  Herve
2799,2800,Blanco  V
2800,2801,Birkmeier  Dominik
2801,2802,Correia  Guilherme G
2802,2803,Su  Moon Ting
2803,2804,Wang  Y G
2804,2805,Lee  Y
2805,2806,Rekhav  V
2806,2807,Campo  Marcelo R
2807,2808,Trienekens  J J M
2808,2809,Luckey  Markus
2809,2810,Haikala  Ilkka
2810,2811,Smeda  Adel
2811,2812,Liggesmeyer  Peter
2812,2813,Becker  S
2813,2814,UM
2814,2815,Huang  S Y
2815,2816,Li  Bing
2816,2817,Sawada  K
2817,2818,Fabrikov
2818,2819,Andersson  Johan
2819,2820,Grassi  V
2820,2821,Liu  Anna
2821,2822,Kuzniarz  Ludwik
2822,2823,Fiadeiro  J L
2823,2824,skilahti  Juha
2824,2825,Snijders  Remco
2825,2826,Mustain  William
2826,2827,Lima  Crescencio
2827,2828,Douglas  Chris
2828,2829,America  P
2829,2830,Van Drunen  Julia
2830,2831,Gokhale  Aniruddha
2831,2832,Springer Verlag  Berlin  Germany
2832,2833,Happe  Jens
2833,2834,Tian  Chungui
2834,2835,Kumazaki  T
2835,2836,Nakagawa  E
2836,2837,Gharai  Biswadip
2837,2838,Abukwaik  H
2838,2839,M ssenb ck  Hanspeter
2839,2840,Di Sciascio  Eugenio
2840,2841,Liang  Peng
2841,2842,De Silva  Lakshitha
2842,2843,Tarja
2843,2844,Avgeriou  P
2844,2845,Gallotti  S
2845,2846,Nakano  Yoshihiko
2846,2847,November
2847,2848,Krishna  S
2848,2849,SIGPLAN
2849,2850,Wang  Wei
2850,2851,Li  Xitong
2851,2852,Ingstrup  Mads
2852,2853,Pfeiffer  Max
2853,2854,Ramanathan  Mayandi
2854,2855,AITO
2855,2856,Joosen  Wouter
2856,2857,Mickan  Kath
2857,2858,Grissa Touzi  A
2858,2859,Keppel  E
2859,2860,Wessel  Silvia
2860,2861,Easton  E
2861,2862,Curfman McInnes  Lois
2862,2863,Savolainen  Pekka
2863,2864,Szabo  C
2864,2865,Nava  Francisco
2865,2866,Sponsor
2866,2867,Miranda  Javier
2867,2868,Takeguchi  Tatsuya
2868,2869,Shi  Zu Jin
2869,2870,Toivonen  Jyri
2870,2871,Lehn  M
2871,2872,Jari
2872,2873,Zhang  Zhonghua
2873,2874,Koschke  Rainer
2874,2875,Hartmann  Falk
2875,2876,Aaltonen  Timo
2876,2877,Cao Chui Hui
2877,2878,Shen  Xing Can
2878,2879,Fujigaya  Tsuyohiko
2879,2880,Emmerich  Wolfgang
2880,2881,Ammar  H H
2881,2882,McCartin  Catherine
2882,2883,Nakagawa  Nobuyoshi
2883,2884,Yu  Chengfei
2884,2885,Hylli  Otto
2885,2886,Soni  Dilip
2886,2887,Marco  A
2887,2888,Zdun  U
2888,2889,Imran
2889,2890,L we  Welf
2890,2891,Schmerl  Bradley
2891,2892,Brosch  Franz
2892,2893,Jos
2893,2894,Yautsiukhin  Artsiom
2894,2895,Bjerrum  Niels J
2895,2896,Luo  Yong Chun
2896,2897,Spernjak  D
2897,2898,Peled  E
2898,2899,Didierjean  S
2899,2900,Almquist  Justin
2900,2901,Larsen  Paul
2901,2902,Waignier  G
2902,2903,Tausch  Norbert
2903,2904,Phoomvuthisarn  Suronapee
2904,2905,Srivastava  Ratndeep
2905,2906,Seo  Chiyoung
2906,2907,Tomic  Slobodanka
2907,2908,Manna  Valerio Panzica La
2908,2909,Song  Hui
2909,2910,Lesueur  P
2910,2911,Desmet  Lieven
